ones,euclidean,minkowski1,minkowski3,cityblock,cosine,chebyshev,mahalanobis,geodistance,date
659.278883171416,659.7616946699627,660.8291377771534,660.2531122585359,661.9370904667758,660.242508205679,662.0183164326593,660.9346738467907,658.1831563011258,2020-01-01
504.85608568990654,503.9399961546163,504.753936291751,504.5929283751326,504.0813269487149,503.74099372668843,505.1538025486444,502.133274724261,505.6618332327813,2020-01-02
588.29460492417,589.8182244132707,588.468320621168,589.6477402400224,590.6695636587724,590.0714531731796,589.1049462561655,591.417879504568,590.6401026952946,2020-01-03
500.01169090462207,501.49419348376944,501.8887575551787,502.6746199805612,500.2692978748946,502.6320558096959,501.85322017043245,500.87744279080323,501.53786384920943,2020-01-04
931.2721971045413,933.0303330386535,931.5499637068726,933.1402334678298,933.7369539458668,932.9656052214825,934.146376578497,931.2953947402424,930.9828605155107,2020-01-05
373.1626493741086,369.76345451499304,370.49766546256797,369.7541522040989,371.9352818427218,372.20356433789493,371.2442949341105,369.635559983728,372.60140397340643,2020-01-06
249.18778898462784,249.8860999219123,249.9014796193692,249.64029322489256,250.86071260785565,249.37689207251736,248.81389245663155,250.63137474106034,249.90097673774198,2020-01-07
507.76593417367377,508.79584535663156,508.76451120257286,507.2982485765413,507.67951446271377,508.4272500487015,508.2146807971646,506.74652767686456,507.62419210567975,2020-01-08
462.3627813601524,462.59445737071707,460.4467498508601,461.38974659657106,462.90590634145144,460.90468703714646,463.44737272498514,462.4498869546368,462.03647279037574,2020-01-09
491.691341178157,491.3477785310616,492.80521598425764,492.2457148051785,492.5730773185173,492.6866953268866,492.3322907687467,492.55193598993856,492.78348250865326,2020-01-10
510.77527394357185,513.1979617632744,512.0211901584887,510.0425938188564,513.4227485821443,510.03650221812603,511.03275690110326,510.0412902882483,511.32632004595996,2020-01-11
429.61858424109175,427.18063680154165,429.89266876271313,425.69715681319366,427.8033148531098,426.57614606467416,429.8743037394934,428.16869268210826,427.3035841461089,2020-01-12
351.40509162325395,349.4824515534748,349.7031771541714,351.5152776886665,351.44692969431026,351.620111510341,351.6914550350116,352.5472576728499,352.03694044262323,2020-01-13
565.3914750261736,563.6875866312042,564.1432421200512,564.8837267018557,564.5321501655596,565.3282168810715,565.6953133330405,565.4683503701438,562.7272423850087,2020-01-14
705.2735192638523,706.1469156865917,705.5531427766579,705.0293268442257,705.5649692631484,706.5101787284405,705.641939974425,705.3364744455473,708.6386501543207,2020-01-15
793.0411832777419,795.1467615344401,794.6320042014984,793.9147208888545,795.6864218674444,794.9778251526498,794.9772965939502,794.9769499312933,796.6917803452419,2020-01-16
268.85375022186497,269.5781757318214,269.12714433231685,270.4446682680886,268.1473190571653,268.4408158569496,270.2742412608884,269.6756916965915,269.3659539545009,2020-01-17
347.595133663987,349.0565988506037,348.53424903769996,349.6282597192959,347.3856398996652,347.2740486911097,349.92145179740623,349.5606494443052,349.2437703164668,2020-01-18
343.2105875817132,342.5835788278166,341.37432999044825,341.3561450855451,341.77658818202457,343.0049974161989,342.7039718325504,344.18286289659125,340.5093924440155,2020-01-19
358.59656461717407,359.76374775296324,359.65720949161084,356.54850214208,359.5059001079422,359.7664952017033,359.0153625465115,359.9555903155806,362.0707471069893,2020-01-20
446.8383992452792,444.6979156535981,446.8102031440819,445.20627422366624,443.6075511516444,448.7637117754189,444.6965751400433,444.46196673467927,443.42200272211824,2020-01-21
466.88647571188915,463.2309851112239,462.04231472466915,463.75063766807943,463.6515877885738,462.1925276696834,462.3156413085293,464.2502742331124,460.2606304134465,2020-01-22
563.4996101222583,563.8752555055527,563.9858796717149,562.8657713549619,564.307376411258,562.9942048877523,564.9064419993327,561.5016762490127,561.8126685802227,2020-01-23
519.3323636096159,516.1111296804434,517.4150863754443,517.6922479626694,518.6900368021223,517.1046535950745,518.9021037636287,517.9533223918397,519.9394674388557,2020-01-24
380.60158889681975,383.8679570035632,381.11221564438006,385.20352669306254,383.5366111797932,383.137411812749,382.65341422219024,381.963573095801,384.47494435695353,2020-01-25
378.414722226856,378.72963642349873,379.2863708270435,377.2935111925834,378.9072673018485,378.56765709366556,380.56036700298046,377.72064372305795,377.27750235014366,2020-01-26
244.71880970627498,248.9479464112958,247.0647268731982,247.8824030115074,244.61866913797414,248.46577222119964,251.99127335393146,247.44341136284447,247.50768098659216,2020-01-27
561.8871932008545,562.0515830584957,560.8426798351556,560.0111393281665,560.2110480170345,562.3375719504775,563.5883148848789,564.4224101843552,562.0893844317372,2020-01-28
211.26778153983045,212.23694540353893,211.60553904695377,208.4163497683657,212.24888876643905,213.96274543076305,212.04050855690377,214.1366144005884,211.4934438974612,2020-01-29
688.7997405367669,691.4354348574818,690.8426084387249,690.6125450521055,689.9676844134965,691.2119335347365,687.0599016839283,685.9531483385978,691.1476692064019,2020-01-30
681.1950333155197,681.7903568268024,681.5639594361282,680.5226386682432,682.6823350705239,681.7077838885298,681.2141512666695,682.8279683994028,682.0338903158131,2020-01-31
660.185334719811,665.0090953957631,659.4997168122967,662.9903303387433,657.9638522616568,663.7455692573396,662.8800535431948,660.3231629820655,660.8330332176505,2020-02-01
565.5842138705174,568.6107685816071,568.3000908262246,566.2211620986749,566.9605274681464,565.7337723632622,564.6439747532078,565.9637901016775,565.9728750956374,2020-02-02
562.8914039937905,562.6997176959947,562.4599737338534,565.3019553189622,561.3572646978157,563.0439429493831,561.2450835703894,562.3791648441502,563.1231312651271,2020-02-03
274.6286327470882,271.65565070321475,271.71889130794125,277.24648041294756,271.94314197682417,274.2176701940026,273.2237629263251,274.01627745133305,273.4358093582002,2020-02-04
444.7387113083076,441.868024060993,439.7053179983574,440.7717304451379,441.08444062360763,440.6564844450721,442.5340936195681,442.44816001661377,439.4491016232496,2020-02-05
245.69406520450147,243.1516232875884,242.5322359229714,241.79410378348496,241.45060550395502,244.76989400003683,244.74370570268326,241.9125644364649,242.53354388781642,2020-02-06
331.61911485194764,333.1847468768914,331.4460442514286,330.12964739001814,331.39295172431173,332.5972952059093,330.94091759962,330.50830043450435,333.13182250360865,2020-02-07
184.79508017350082,187.40929171630134,185.39234181548827,185.76804611440517,185.80302139924711,186.87023779735546,188.10132488701902,185.75422007347072,183.60040998613204,2020-02-08
159.04356534603016,158.04895523609352,160.0820634073009,159.37735015182062,158.05483375604683,158.80890724089522,159.41549300835388,158.457757408914,159.18054191311083,2020-02-09
612.380932794493,614.5335520356701,613.0740863570852,617.2579960770955,611.0537985747121,613.8492773240206,611.6177460255075,611.3491948198327,611.1607683700574,2020-02-10
399.89634892514863,399.994101367088,399.5545763629588,399.1301336893522,401.2978034007017,399.20458709421746,401.359739109193,398.486579808094,402.72741192476155,2020-02-11
398.94595153188476,399.2355865465473,402.00723249501357,398.34642574747977,400.4071517550004,402.64914081591957,399.6990979468415,401.56381624983885,399.5118029076835,2020-02-12
485.7474418858188,485.4089093343354,482.5825649707052,484.90708920496775,487.24793696775356,486.18487517683707,485.29345635141004,484.5184709159747,483.8263422774206,2020-02-13
331.0421513743854,332.3162194871761,329.41785096178205,330.5519051017958,330.00984900582836,328.09774835317864,327.2170744227964,327.74768223965543,329.3440640881769,2020-02-14
289.6225961590681,291.36943952658334,291.17808590284477,288.84901946274033,290.22786521831097,287.9430838185689,291.0993802780779,289.9869172741235,289.20113707992766,2020-02-15
310.08659907423873,311.1732116718728,311.6820825166676,310.2241781414767,312.07490288471564,310.09640110587054,310.2397900881255,310.9283028485013,310.82355948276995,2020-02-16
572.6047220046888,574.0191974698971,570.8400383230157,569.9694315689908,575.0253091389591,571.9490511104743,570.8185029465429,571.9821768914778,569.868483642782,2020-02-17
612.2471823559437,614.7628547364106,612.6025997908362,611.2321084197233,611.2694991736538,608.7672603917109,609.734162393741,612.7485349399172,610.3614512959232,2020-02-18
362.1888663617755,362.9756867102292,362.03129230540816,364.9774925444364,363.60048490397935,363.0300000944559,360.5877748340105,363.3065150269082,362.75569314525757,2020-02-19
509.7080714531295,511.91445846380986,507.4283455212545,508.2893284199797,509.6064093402769,507.02051518434996,511.59967689674755,509.7779544205593,510.77334113248116,2020-02-20
773.0711699352246,770.6285130784789,772.8355667493876,774.1694192839778,772.2100969950126,771.3926080543415,770.2864837432676,770.1558761484443,772.6581178938636,2020-02-21
199.03726136555613,200.58025145708098,199.27813750611764,201.42263819441274,200.16066507012494,199.87205622235962,201.04487346210374,200.7614027575969,199.6342186998673,2020-02-22
755.0798233094592,756.6752778145644,754.1796767245389,756.76357849797,757.6449330096414,756.1372320254691,757.0011201598331,757.3661396218788,756.9143415737719,2020-02-23
677.0208568555913,675.2557313127986,673.7033962557025,676.0510462611907,677.6207416397008,673.6954355696325,674.7588877505202,677.905200346542,675.2315894297631,2020-02-24
618.1258899550735,617.1785748584545,617.602186520898,616.4622586903456,616.8490306227745,619.9773443164347,619.1446702574846,617.0033928207367,617.9020248079021,2020-02-25
368.45965169478836,369.3223223196011,368.73819640603847,368.51563279723655,368.61664117734756,371.1337374426173,369.37660239563263,369.43947766197874,370.7147240428329,2020-02-26
1154.3361780582363,1153.9416178166248,1154.074665431643,1153.1680474537288,1154.2219779619984,1157.2044879448176,1157.4644949896478,1151.894701796599,1150.8858222709048,2020-02-27
692.8550512295014,692.5662320675972,695.1196317227048,696.1584791370278,696.2200609611234,695.193896363476,693.1547846055776,694.541086023921,693.4295381332279,2020-02-28
399.94389646669913,397.23258794376784,396.78139852058007,397.82054610523744,398.1335804114311,397.7981807049781,396.82560715958294,397.2511276241162,399.61142891037616,2020-02-29
757.0625372463057,757.8620055383195,755.6071888458284,756.174410065566,759.9550996748783,759.645803124637,755.8527986695792,755.9322732132227,757.2435852187996,2020-03-01
676.1439564341263,678.057379795318,678.6365271758834,677.4335584778703,678.5384872438414,675.6458467883219,675.5111722215029,677.8079118489411,678.1280460634823,2020-03-02
619.2758013245606,617.4265069099858,616.2605422152777,618.2008708444907,618.5395207414174,618.4917882869007,616.3809836920589,618.0514435110867,617.4104593733806,2020-03-03
366.34948568105966,370.7753175235491,367.8207533296668,370.3580717301466,370.27430465394445,367.42791612286305,369.27314697953943,369.0018516708758,370.03405765526975,2020-03-04
1153.984008013893,1153.739302884986,1157.574662832502,1153.5184855587834,1154.1994230353525,1156.8580365686885,1150.9976923615816,1156.036469062802,1155.1851828691724,2020-03-05
693.5280889494744,693.9743547924439,699.1627031098931,692.7585536235792,695.7875201025834,694.5458838168884,696.3898362941384,693.7678895957033,696.5955814333332,2020-03-06
392.8242093400713,397.14778391605716,397.5178369675493,397.7872427248858,397.7238887821677,397.9971966853758,398.616427224879,396.67667460974934,395.67696753766165,2020-03-07
421.87633295918533,424.28565643690615,423.67915425075205,422.1203793048793,424.0706705080067,424.8326533554573,424.44598380561547,423.47456533119384,422.8871361411245,2020-03-08
775.333061271953,773.8761899070712,775.9407096107685,774.9106989397878,776.3239985898256,776.7394357910639,776.1042691393758,776.2539825004122,773.0503593130834,2020-03-09
479.56847969566985,479.2579463482659,479.8116278063924,482.85882035790246,479.2762524594267,477.8512498734824,480.359057212685,481.0576182996224,482.48912352552594,2020-03-10
313.9254536843135,313.09717533929995,310.5978075928019,312.10218757396717,310.5062365310977,310.5454761479657,310.8835127207848,309.6657763941698,310.5656797782133,2020-03-11
339.0339970097739,337.708112654061,339.88990193211043,338.1694677885197,339.32390824450783,337.78383838259947,337.8234092678121,333.2094656970866,338.59205157162944,2020-03-12
231.92689560418017,229.9566392628477,233.73853123508806,231.86377087859293,227.76686225794035,230.6249782677043,233.33513089058718,229.83148510662633,232.8974854428242,2020-03-13
228.7755913206094,225.50305993227067,226.99357273550712,225.25030041870815,227.3039067318942,228.2373621826149,227.38692060284075,226.93628553797413,228.86173573160985,2020-03-14
395.3970053880724,394.80095525056936,394.57260273129145,397.18416500775743,395.62445594148596,396.236381253908,393.775382387598,395.79554892401103,395.201827894208,2020-03-15
729.5941892694841,724.6578788993818,727.1167595972918,727.1436733529744,725.8808428125988,725.1409296565845,726.7590095276721,729.2937831074116,727.9473060719642,2020-03-16
504.45066547826355,505.63548010667114,505.08921738680874,507.13653787546775,505.72121816731567,506.3643371993387,505.9022445352796,505.54762475922934,505.384986255695,2020-03-17
758.0722630108568,757.1550349536734,757.6923213102439,757.4388557958293,755.7559227876134,758.1142754337593,761.528668243325,758.4285630158788,757.7586159410012,2020-03-18
548.3583743368251,548.9709188507376,548.3909127753193,550.7394341244028,550.139143794265,549.4905234003463,548.9944496298972,547.9244977885445,550.5062227746915,2020-03-19
231.1261052410837,232.19798162211524,232.00572612103537,232.52377457982948,232.2935806912646,232.61076280105618,231.12459691371305,230.91834715243695,231.414116558763,2020-03-20
465.20778137012593,464.8128985972037,465.98371879453566,466.0234249218861,464.8758120885574,464.94678710749787,465.951004517482,469.02970865132517,465.26709323802254,2020-03-21
213.73466960089058,211.40528212474953,213.71699884583967,211.6216774683903,211.33121197670434,212.97704872683897,213.7449417742809,212.81318822230875,211.98235091500038,2020-03-22
268.2392779046701,262.68576609815966,265.88048150464977,265.67062793604646,266.410126619862,263.9845045839156,265.3792377499464,266.09718514817246,266.9428765858664,2020-03-23
251.62898416905279,250.67351971243923,249.56744736364806,250.3079203122708,251.54418585206832,250.4767896405134,249.232861707168,247.6845494248039,250.37821232783287,2020-03-24
270.4443958567192,270.7077906248676,271.79228781162544,269.775236827243,270.3425727695551,269.65749938810467,269.9625941532314,270.7527840977482,270.61113823083764,2020-03-25
576.981743547662,576.9456552091971,580.8172784111644,576.7415589159536,579.5770088417762,578.900520019878,577.3317546445068,578.4573067128831,578.3052760957703,2020-03-26
476.01500450674297,478.43164850418026,477.82799818484705,475.50522668219185,477.8774117262144,479.5958896297556,475.57791291904334,478.14736845062316,478.3106279973327,2020-03-27
315.14250631599623,311.98238328331195,313.7215694337258,312.6507927224633,309.73555576105326,309.4416507029366,312.28617045992473,313.8300889012303,313.27364128626516,2020-03-28
689.2969022767209,688.1969244504544,690.2936719745537,688.7268780112934,690.1479410985274,687.1882416127547,688.8573593984358,689.2701152778011,690.2394675549842,2020-03-29
527.380976975335,530.0492938494608,530.041455375497,529.634086276378,524.6477378429627,526.474472870872,527.4639654524454,527.0302135531623,529.7759546343859,2020-03-30
579.9951026136077,579.0264624384351,577.3712789122336,578.0403084484499,577.7701179912247,582.3081652856844,582.4000757758567,579.6994954961367,578.5844249730837,2020-03-31
367.5072109854365,368.090528753846,368.3232607826469,368.81606451938296,367.1833870986602,368.00884103000345,369.8971573289614,367.9986360699499,367.1465475071242,2020-04-01
640.5504308448872,639.3083246812059,638.27475725768,640.1833127522598,639.5682902179828,640.005147594818,638.7254623599256,639.7511314724496,640.2123585980052,2020-04-02
454.9265057871253,455.3107283679153,453.1719835649309,456.02161932134265,455.99317384200566,453.8877692962523,453.2636561663587,453.4727083825794,453.5532789689829,2020-04-03
571.428281394957,573.2733514574545,573.4007176667716,574.7115785123121,574.2901324540459,571.3796078990068,569.8515648034899,571.0337003255297,574.3008504960513,2020-04-04
334.5992217833117,333.57648583819685,332.85230893300627,331.6510951291587,333.1307248812228,334.2790190684462,334.50257673537953,334.71731092784546,334.66730783804815,2020-04-05
449.73437852301674,449.36083518467836,447.9245430253619,450.3979693367136,449.81363898702824,447.41845272252726,450.9302240196291,446.90602859841135,448.9298204237847,2020-04-06
288.2478576797112,287.2568680532414,287.6969095078582,285.8933779634676,288.9550856132612,285.61263626392156,288.1455787516193,287.85348794803446,285.86894275635257,2020-04-07
308.71759346161923,306.90769537114033,307.389755720209,306.54669716908097,308.59975499507266,307.9148711125715,308.5115661036101,308.8032059288184,309.3883773291992,2020-04-08
477.7595604337165,478.3480967075142,478.08620970320897,474.22853747323495,476.59424195073325,479.0947511733771,480.252245994774,477.18768225493045,477.9878097185971,2020-04-09
456.1100863384446,453.56246981017455,454.96985879502,455.0155045207486,453.50580032003637,453.23655427612573,452.58868971838655,454.0211745038257,453.21096077224433,2020-04-10
673.7012585573625,668.620086271166,670.655072667904,670.7866089367085,673.9604028239992,670.5914412073056,672.4621237550932,673.7880185164299,674.7607395263968,2020-04-11
582.6585550066881,585.6956256503147,582.9985645784604,584.1567125522215,584.3967169658541,584.071202343376,583.8225601162663,584.308491184701,582.9627418266193,2020-04-12
477.5880260907917,477.9207002266237,478.27786260872307,477.9331999603994,480.2808042060534,479.23776984579695,481.13340754998876,476.9650482136835,476.56095684920894,2020-04-13
192.1666266529355,192.81224195383732,191.64274946495843,191.73530577008614,190.94546840129607,191.9696871815516,191.4248510503988,192.49725171668715,190.3994374544909,2020-04-14
395.8552281704192,394.18314345834085,396.4417607447393,394.3702153705194,395.3420164365093,397.1799922508058,394.73675717923174,394.5809142556068,394.16340311678755,2020-04-15
469.4419193961005,468.28342117856164,470.8509044721582,468.1001428621177,470.5241900841253,469.6977971467294,469.51968195642183,470.09427458342134,471.22620808654244,2020-04-16
529.6963551570658,529.3083425597599,529.2446547487642,530.0770770787512,528.9370733639192,529.6381968398034,529.4546580192956,531.0710250548482,529.0904289553541,2020-04-17
432.0292449318665,432.104540720146,431.4690186695389,430.00524900636054,434.1743555841713,432.18987402311063,433.36612685106957,432.08807312638237,431.730538685281,2020-04-18
884.4485890184941,880.702266277505,884.5159775488307,884.084769409947,881.0794561393051,884.7400625098998,881.5896651446324,883.265388418132,884.9957527322338,2020-04-19
468.19097755219696,469.6977916014471,470.11470969567836,465.6593527871936,469.1508156396245,468.61727348379986,468.32010953939863,468.15996140148104,467.97961567468457,2020-04-20
179.97035465641886,181.91559128423577,180.17853079173128,180.30487875145025,180.5296161201574,182.09810555583562,181.31046032636112,179.0870395350175,179.50419779341672,2020-04-21
250.29072088287967,248.1601693188005,249.27421342670527,246.56641114994406,249.23763743696065,249.17402288197297,248.63109864367325,247.9939851330637,247.66320816236612,2020-04-22
361.8997544220568,364.2436029932845,361.57908497018525,362.61815541738156,363.6469599848849,363.1453101330354,360.7250229739056,363.4996997827345,363.32256171490644,2020-04-23
557.0585277302661,553.8944279282593,556.9766595584388,556.9774784665273,555.3822069068635,556.2739584000675,559.9033841042911,559.645423976319,556.2688631561491,2020-04-24
550.9494127169744,551.7176118401371,556.3549258249798,553.2612783021008,553.067595074388,553.6542478439451,552.9682934877856,549.6518443914375,555.2686485651384,2020-04-25
852.7839955275757,858.8631193667727,853.9532007404337,857.0801116828125,855.9227346129419,855.0999057290348,856.9360785098319,857.2875823848024,856.5119032841426,2020-04-26
967.9897787873326,969.2728044155923,971.5695810762286,968.1077912710402,972.7436258786315,973.7762152120586,972.2624671068758,974.4008658712619,975.1596602575362,2020-04-27
506.47240672858914,508.4186706316894,502.13529461146055,507.3526747360762,504.62939523918703,504.20842804514473,505.0360891870518,505.7424555320814,505.8153514829397,2020-04-28
525.7934138811117,527.523786360782,528.67374457582,527.3382505236104,527.9520855868689,528.9206852786197,528.6446359670906,526.7415327042481,528.3719947993293,2020-04-29
188.79681049719804,189.1169598301252,188.0282682475214,189.31913053339844,189.48820065883308,187.62846886994498,188.9572797126361,187.6336041634789,188.43193659538173,2020-04-30
130.9811322466889,132.8540906499315,130.16497678929662,131.31376680803274,132.20372429331047,130.8110820623243,132.08304222748774,131.82012423723455,133.08375852991836,2020-05-01
268.2163516883978,268.3497934281755,269.0233890618818,269.62460958040174,269.9475440015692,267.4539452014416,267.83162157357293,267.76141761300266,267.56875078897326,2020-05-02
354.30652840497805,355.29674325121005,353.85703013749594,354.81740275345624,353.7918679441625,353.7610517689391,354.72949298086326,353.00225255585633,355.86928799045836,2020-05-03
737.5777416513798,732.2122059282017,733.8479380064011,735.5917091517418,734.2999771236532,735.200171509514,734.0074536590564,735.8326642380357,733.5103782595929,2020-05-04
274.00409822139,273.7423346726876,271.3943891975953,273.5578259914004,274.3102177994107,273.9997634917436,274.22540894569136,272.88080777001403,274.71338779738096,2020-05-05
549.1073703692718,548.5889067146358,548.8167903194396,549.4692953375844,549.9761075437492,549.4468813872854,549.0613542978577,549.6679428986096,549.4791348389288,2020-05-06
434.030223091796,435.51053204732386,433.4478336787266,433.84668916508826,431.55639461012635,436.1333966810123,433.7264470267256,433.8263418308306,435.52621161632413,2020-05-07
290.7774009168817,292.1790142619793,290.84172056634355,291.5616969344758,292.6458422837695,292.87001668580194,289.79555437893634,289.7117048351534,291.51159919175666,2020-05-08
655.1735426929482,653.7207350390886,655.307536150465,654.0983543289319,654.1727626573977,652.9691488716868,653.6822331538701,656.1658175235546,656.6294902792405,2020-05-09
474.85916817164434,474.7638968340966,475.5354485615101,476.80080815569556,473.62942274741465,476.4721830513309,476.0419451947025,475.7621489761301,476.99283583489836,2020-05-10
688.3438084515157,685.9799602952601,688.0410963750162,690.8281063670028,688.3050873511227,687.9960545930148,688.3816647810922,688.7707514107062,687.4234220072865,2020-05-11
172.21557101734146,171.6770015990231,169.3551740921701,171.94832142222901,169.92377989029282,171.1738355480981,171.18649326008008,172.26424877525528,172.60887415940613,2020-05-12
146.45036570463319,146.00780395931554,145.58598296481287,146.2756450292928,145.88923689065854,143.87812517122103,147.36707372956175,147.04585537219128,148.02184063558684,2020-05-13
343.52582618942006,344.9549624895361,343.9868230469165,344.3101888759191,346.9901308481707,343.5185794416646,346.69632044808407,344.12784100381987,344.80066603093314,2020-05-14
428.0434859549713,425.0300565512098,427.3854622697172,425.73930118102726,429.1402198687847,425.9560503561927,425.9978672292867,425.97727010747076,429.37963627011266,2020-05-15
169.6300227855474,170.9297781027571,167.68507249454706,169.47892419356788,171.85217454859884,170.94617766869897,170.78074591629513,167.8191188402542,168.9672414511727,2020-05-16
125.93273572724556,126.37104747022852,124.79107445813551,124.26231197558457,125.26837846474818,126.39774745612763,126.81898991197386,126.88785246439015,124.69732883715437,2020-05-17
159.50295284443055,158.00693480191353,160.57837599385954,161.45136666626053,159.94918074314958,158.06831358363368,160.0860495945436,158.03748624634989,158.61508124080194,2020-05-18
323.33765058439934,325.6803824442657,326.4618631162094,324.43888792576666,325.4705290022873,324.7913901502839,326.9681417664501,324.29793427225104,326.6565363927088,2020-05-19
378.3432939258564,375.8457227783032,378.1468681717514,378.8555277824662,378.2462296482709,376.767912575551,378.31700333799364,378.276685098992,376.58600573974013,2020-05-20
605.5044865308653,605.3002523056745,604.9544694455889,604.7448230308746,605.1419273143796,606.3997463906875,605.0034526553592,606.7462907821437,603.8893968008167,2020-05-21
652.0152571243119,649.4732490978397,649.8587477381828,651.6929947546168,648.6651683013998,648.1541079053433,646.8250097383749,646.6900821892082,649.792338518803,2020-05-22
386.2370792277862,384.59303416481964,382.86527613175303,385.53876342421574,384.10352612368797,383.5404134607454,381.63710819138817,383.2065174838056,382.8770053336321,2020-05-23
303.26433836680764,305.5367119204918,304.49160234093415,305.2208650322612,304.5812728126148,303.82091515439225,304.7647456564203,304.58771415741046,304.8922562001992,2020-05-24
619.5572898768828,618.8228125520429,617.3558978906965,617.0542803334835,619.7797979980392,619.6468342878609,617.7871057217545,618.9691895415293,617.9227602808562,2020-05-25
801.908216418165,801.1228249123352,803.3586186335745,799.6635988849137,799.5003354753337,801.8983209489988,801.9666433011491,802.1777916348874,800.5291292365412,2020-05-26
373.6510926051569,376.66645406639316,376.7971761398438,373.1885564656544,376.08114511929534,374.4989301957403,372.2661675226391,373.3496692840137,371.34087858317514,2020-05-27
621.8584558004302,624.0070575506697,623.4582664358886,621.5047807923768,622.8925341881478,623.7940814155359,622.844449108659,620.4540065976308,622.3510842532969,2020-05-28
540.700351290188,540.7995598634807,544.4915547816786,542.0971550502106,539.7108022370926,540.4881570780791,540.6822589706335,541.3921968329863,541.9089988939252,2020-05-29
311.4019372057875,311.7104454713937,310.8381706828355,311.3650003696869,311.08654293004315,310.2550035046231,310.74267306731724,311.39044173107374,310.82350853201655,2020-05-30
412.8064762236499,412.5906345765925,413.8601765336177,411.23094341786685,412.70611008437726,413.6622359578431,412.08374996005364,410.2438720012682,412.1030089690052,2020-05-31
532.6968498196729,533.0127096829456,533.2618278967178,535.1194261838657,531.4121215353874,534.4357626626211,535.2466315441505,533.7018590267769,529.9939105629737,2020-06-01
188.52208251352494,190.8121888054713,188.57331962510966,189.058899251491,186.58497418583755,189.9113769696856,188.2776382607048,189.17593985385668,191.04673964284677,2020-06-02
454.921876661527,455.5333554393118,454.3515516104985,457.3305943287594,454.55810466662103,457.6910112282151,455.3918221093141,455.1038649058619,454.274729001193,2020-06-03
340.64086513534227,343.02694722931926,342.3534238113869,342.37149544713907,342.95515672005,342.845953260138,340.70263383832673,341.4630438250409,341.45951992697553,2020-06-04
663.4076594077533,663.44473519516,664.4581498856687,664.9115837807099,663.3094765802008,664.2034575212199,662.4873194058944,661.0897958781061,664.6271173892611,2020-06-05
405.30155017420077,405.04309092027967,408.4868194087494,404.3272220832549,404.83092377601565,404.05827787315195,407.007243271152,404.7401130920654,405.1798863163817,2020-06-06
710.3132850437006,709.7741250285136,711.5519110462772,710.085448567327,708.064019722067,708.5946239048959,708.4559276135712,709.3571404034594,710.30903080422,2020-06-07
337.8314892609215,337.6290787098281,339.1613834025005,339.6145514992876,339.86262888404605,338.9930200874102,339.22161199040977,339.66129757661395,338.3944615377655,2020-06-08
168.7119125393051,172.03661940097632,168.9541468484755,170.05403824529282,171.68279261049534,169.8241415050307,170.15492134638404,170.25434121295143,170.8387199571658,2020-06-09
326.8347411571241,327.9947510117678,329.82908387500686,327.71458032166623,329.13567839117013,327.7849159371251,327.73854957224876,330.74731244839353,331.60263698625045,2020-06-10
630.0715752875622,629.0037620393063,632.4940400809224,628.4428621902975,631.5547720223522,629.281228549982,629.3792379565654,629.0210047345134,628.6326894964477,2020-06-11
277.7164943180759,277.52879659743894,279.081201071587,275.82755174826576,278.69051094720623,275.6979985663156,278.5671157307934,280.28322126739,279.50906647940195,2020-06-12
313.70264137497975,314.87967410009543,314.69556818063757,314.6344870530045,315.62830987073664,317.6751129269916,311.9276202061641,311.32113784860053,314.3118064742339,2020-06-13
146.13615814593567,146.53313442442354,146.50450169004728,146.1211170093762,146.0928152327084,145.70691341164235,145.79931852811518,147.28060095565547,147.3854894163131,2020-06-14
409.70096404312756,408.1427652454162,409.77672358719985,408.1338760385553,406.4266855946818,409.7522973836366,409.88591909131196,406.79287504191234,408.5415456281111,2020-06-15
523.3051282773105,526.7038140366355,524.8337134970411,525.300177900077,524.9184975665612,525.6481211925072,525.3218482866343,523.2540649826421,524.577716692524,2020-06-16
505.23454379058035,503.70527540707144,502.79628020443556,504.8261416122285,506.33760768961224,505.51965422030696,503.5866864955757,505.77144264843196,505.0808311153678,2020-06-17
480.82233356604513,478.2144000230998,476.38651912482703,478.91586188132476,480.1346795406215,480.3146126840396,479.89770203254875,478.0003133544194,479.59321157723775,2020-06-18
587.1504460112487,588.2274948552897,587.7369189091819,587.1868368054912,587.4277670527761,589.348390693662,586.4756599977662,586.3990158217212,586.1317607286594,2020-06-19
457.33425271879844,457.10817742113875,457.59312430223747,456.07592843305736,456.7793076524123,456.92630426479496,457.01694334067747,456.32326611284833,457.4265056754871,2020-06-20
380.003944846473,382.0315767567814,380.7221062902208,379.85850749074353,379.9525592221332,378.0204321049471,380.1487281436221,375.4431661696035,379.1609507680185,2020-06-21
426.44045386392077,425.53719184069547,427.41894943901343,425.37840968899684,426.829896203656,425.3495317498706,424.7365893683534,429.12465291288083,426.6146493933437,2020-06-22
308.01104733442185,307.913847124021,307.26715280401993,308.0611544801544,306.2837629689377,304.3455374803537,302.9784074964989,309.0786436705985,305.75140330739293,2020-06-23
398.42968429735095,398.45943868728193,400.13463890381763,397.2649711719995,400.627691454625,400.468575841603,397.9226477346475,398.8933994753904,397.77130302317545,2020-06-24
330.0793647483189,327.4286724196511,330.5573898354359,328.8910105336554,330.2757816469654,325.94870295411914,328.1660672425598,327.6234659532019,331.43767525751184,2020-06-25
219.26977728857355,222.31467491474217,219.77983245916164,223.01784950485,216.78112166747553,219.3939282417042,219.7913538154117,218.55525654273413,221.46186448239,2020-06-26
118.64665420898429,119.49089137647455,120.42187534318519,118.28941442200424,118.19798170977039,117.92346288128256,119.77874763022581,118.0605889348535,116.37638716377054,2020-06-27
132.78006036133849,132.15368226107037,128.64987116102571,129.9815536752458,130.68730729089555,131.216312235575,127.65598892620572,130.60330323114243,130.1194123082325,2020-06-28
152.6864132668427,151.9920633440692,154.84861603747933,153.198202783415,154.25001874936777,151.7650737048349,152.56855666481482,155.13028800454416,152.40155049029113,2020-06-29
196.9199996411042,199.04162396682048,197.68889212342614,197.546426841862,195.64107291940536,194.9541266871699,197.35534266841682,195.6581239745625,194.44827199488034,2020-06-30
404.6688718137102,407.3261711453099,407.3277886398546,408.12279616868886,406.3170904162886,406.7995962758732,404.95305260712985,407.49693195334726,406.9310895571059,2020-07-01
566.2560288534862,567.2778554737487,567.2095367645996,565.3789824323198,566.6003436968856,567.0303777224353,567.7148090503005,567.9351352668546,565.6727418947494,2020-07-02
130.35559800879628,131.97556490281895,132.00533803182668,133.71697832790375,129.87716747237334,131.98244224962627,131.30650247938044,129.91063530892148,130.19079189253898,2020-07-03
203.319129375125,201.52649804823022,205.32355829179102,204.58438545763084,202.70514255501115,202.50682541422353,202.1124818147694,204.23802817118417,206.23434909872302,2020-07-04
202.3524144914894,202.743817210774,201.6961052476169,202.19175406238372,200.23737689643383,200.83896354022704,201.44984039657902,199.24741637129853,199.48042200854027,2020-07-05
166.12426597581575,165.5962062585387,166.7216427678668,167.38177798754748,164.9367624699883,166.3805240511236,168.1928693093658,165.57180106743837,167.0352647540138,2020-07-06
325.9928315606626,324.78774022002546,325.40461427117947,324.86238208745533,327.47963797174054,327.7867184663367,328.45983826284476,327.6500874852297,324.04327493406106,2020-07-07
524.0512160043422,523.2637565567456,518.7430344378358,522.4448039394505,522.7566139390979,521.4717085294811,521.4313922660774,521.9053598913285,521.2497322964508,2020-07-08
429.82327663367244,429.2161311551404,432.0003261303643,427.8476062544212,429.6119791511975,428.5077234546454,427.78593039343366,429.2500010961727,430.38665567362216,2020-07-09
284.8025139481946,287.81063036323883,285.5031431406652,284.39099359132445,285.7359644612162,285.914374177244,285.7833256777569,285.35645328797943,286.64778332839273,2020-07-10
95.9251630049388,99.87265170737292,98.95818482409949,96.82370055732872,95.79449723344364,99.580495178044,97.37586362519868,99.31794258060506,98.31393251468165,2020-07-11
246.9342594650975,244.67234451556908,250.13487418949066,246.7782913628274,247.58515164196015,248.82076761437855,247.10252580583975,246.75008044760256,248.09428646021598,2020-07-12
500.81956978324286,499.2466739499648,499.1893927590973,498.1434534001378,497.3086609638024,497.0594770487145,497.4019507215695,497.7784147306719,496.1160278917535,2020-07-13
297.68480223601443,299.5835376463325,297.99914224174483,298.20891835929115,298.99574404000407,295.2855661644792,298.4480708606621,299.7796891008263,299.9573438492139,2020-07-14
511.58996322513315,510.9709050987067,510.3975455695639,509.61323632806034,510.26634801810354,511.98886378089605,508.8802257515532,510.81800687466017,510.90849198330477,2020-07-15
432.188505036827,432.23315790900483,434.69336180353537,432.23110683022884,435.16285400730555,433.5025972348915,434.9397860234817,433.29808868734403,434.19442747539017,2020-07-16
425.75955232427737,424.0072075283698,424.039317497457,425.92786447806884,422.83599861559185,425.47497637989113,425.13894805175346,425.8162866323828,426.58364127424693,2020-07-17
288.4047215916979,287.2738618357497,291.7454718783267,290.9811814483752,290.2590676368855,287.32245727306116,290.2710243625896,288.88642707415863,288.4240371476291,2020-07-18
333.10801249868115,333.1431660433592,330.35538700121174,332.0014196103799,334.0964398335239,330.0628767479059,332.81191117051765,330.5653363463873,328.5346041149992,2020-07-19
432.89164497311833,431.19601111557506,430.6202880559814,431.6139364442873,431.26698941746554,434.1801684319755,432.2532313779523,431.3227558228434,431.5416289329255,2020-07-20
305.6375178930378,306.0292442075328,306.9802186664888,305.7266803558143,307.14714958795474,304.0872593076691,306.27616910356863,303.88234510042344,305.304552702698,2020-07-21
180.3650580531571,179.87122664427406,176.63147656017347,177.57233366278578,180.5461827571109,179.09844118855662,179.08644850725756,179.69435193913375,178.22910526376802,2020-07-22
172.38752117592588,174.85808055652882,170.71754742928698,171.05483827360075,173.2965880394972,174.0480528018795,174.6707640419003,173.81482508275326,172.61429634639373,2020-07-23
144.1644918511062,142.59621536328297,143.31903584929677,142.40277553657054,141.5680144531437,141.9528606493509,142.42320658036758,143.26105191567135,144.61617598270857,2020-07-24
141.0534691825902,140.79136633803785,139.41316035383494,142.5272840242104,140.08799855475763,141.10608225083658,140.49260355300854,141.00696119655788,138.58704575034898,2020-07-25
289.32695704627196,289.3486347015978,289.348804508119,289.8485208480511,291.23295326913365,290.48125268215676,291.409504122824,292.62027182060564,290.4717248177087,2020-07-26
446.0306401043613,447.6758870511647,444.6053405290439,445.0931583519814,447.3864118249863,443.7999408216473,444.8268683994227,443.50738534104744,440.209677097454,2020-07-27
300.5003625550431,302.93272875218014,303.3726729509222,300.01216876123635,302.6491753150659,303.30966967669355,301.08645741305145,300.51319308058083,302.6601978027517,2020-07-28
216.9014683819962,217.28027349945043,218.4581286562595,218.81995499204768,220.0101207180716,216.95015675466496,216.5158032682645,218.12346509270947,218.21935341429207,2020-07-29
235.29249040750034,234.89493965750125,234.8911481279633,233.31020820885857,234.26825838896937,234.6842722221799,231.1190285034266,233.6650255245455,235.53510126348004,2020-07-30
370.349028973771,369.9822195366139,370.53183749440973,372.6145713668683,369.01439492674604,370.63783752903623,371.47787232406324,372.52428009532815,370.9528445997307,2020-07-31
454.3569785736321,457.4218547015396,454.3524915354683,453.9029371299821,455.31838652699344,456.3342439832117,453.6014688571242,454.8127610403292,453.52793567545143,2020-08-01
925.3156343034406,925.8491955267431,928.0363608823493,926.5098208938523,926.3039889614012,927.1718023582816,927.2231936239393,924.5513638154769,928.2287154008129,2020-08-02
494.4705311834255,490.3308975783798,490.7622489617313,489.40319881205204,488.65764362434834,489.862097605794,494.12457634623763,494.2811676271331,491.0871963399848,2020-08-03
383.335496518249,384.6552401207323,382.7484441324957,383.2835844851983,382.2881580875454,384.2118520283193,385.13173877499776,383.4627681077832,383.89298101628617,2020-08-04
252.64893761573822,252.9947103335248,251.7375866412981,253.17623836356714,252.98103547340799,252.72231039066463,251.63827579431035,251.98175481115317,253.11275125708602,2020-08-05
141.13965808699476,141.79312255649933,139.0015311126545,142.34185792180972,142.19360895369488,139.60429404478901,143.75148589728357,140.5332700910133,141.16338513583992,2020-08-06
250.3135629187465,250.81581218466303,251.8514382969573,252.17661296515425,251.41922455075849,250.67894058183444,252.5728127298849,253.9253923817893,251.3350521627002,2020-08-07
163.2747238712797,163.18336462146675,166.70718462375538,163.30309254137848,158.91953279588617,162.64128904150436,161.72662706610146,160.6769676162515,159.17707651417453,2020-08-08
103.9519810009986,101.37533812256227,102.62964542215836,98.59595119244234,101.30766266130624,102.00926972340469,103.79016883896848,100.1879178257944,102.34560232747057,2020-08-09
418.1268531467663,417.80717086236814,417.2732241666412,418.0505292280281,416.24682917623113,417.7084565173725,415.3938776840715,417.5638891479061,417.3360669064572,2020-08-10
608.2985914078688,609.0510251656076,605.9614965427363,610.1629525495573,608.7571623801798,607.3502803891952,607.7262116489778,610.3058796710188,608.018888701172,2020-08-11
556.180118125373,555.7662845279516,559.3173482658946,557.5517671152081,555.9192800125609,557.3734893582501,554.323439019573,555.6818024179968,556.1506634354795,2020-08-12
526.0242399826304,527.1217104838437,527.3512226093117,525.8502579678269,526.9994322601908,526.574691738681,526.117997461795,526.3733391401713,527.2554983435411,2020-08-13
369.9332855776717,367.4812302516997,370.0468211194053,369.44795065394305,371.52955312119934,368.6186613237114,369.2182450387104,367.41763780231804,369.3491872954984,2020-08-14
247.60162923318433,247.8036776984274,248.90339731521493,249.2013339326794,249.37312344726172,247.27849519708786,248.58194247218455,249.77646615169064,246.4571895564779,2020-08-15
140.9962717282163,143.35380265413403,143.11163724613635,146.20719762114027,144.1278071063599,142.63487217093473,143.45212127762986,142.76522717414724,145.17276465254056,2020-08-16
236.79968882929023,233.47537798099768,235.13570666455269,237.08393281168003,235.86751965167434,232.38702611297117,235.7053844412921,236.36119300205533,234.92140608860979,2020-08-17
345.2054749884716,345.20876900323134,343.9181228480795,346.2591134774988,342.0829256486704,341.43862219756915,344.8127859614011,344.82497325879,343.6663677375215,2020-08-18
319.67290203718386,320.06858035420305,320.9718628756939,320.56534557764377,321.3644971080894,319.9302358913245,320.2439398477777,320.332062338735,320.73819789024174,2020-08-19
390.59462910084727,392.8302465705963,388.60274240908905,391.5308790444112,390.03623378706465,389.4237816310499,388.0446110090123,389.71264293157026,390.2858248430448,2020-08-20
142.41290926199844,144.16943156169395,141.89949044098358,144.43810448000096,142.55765249124602,142.79060929258645,142.18146385550818,144.18345862670225,144.1198174610088,2020-08-21
108.96645215834782,106.41196221751481,107.52211360145802,107.11323278870583,107.78149965638151,104.92795073230286,108.54566930111851,108.74673791459212,104.67977822826099,2020-08-22
105.78901144563952,107.67305992385243,106.27024240869736,108.14613346728538,107.27552400409002,110.08902879542802,108.20181652169735,109.01117906762072,105.97145749533107,2020-08-23
241.2405740061258,241.90817976793824,241.49908949499854,241.461619291929,241.41103359111432,240.21874116259318,241.27991279379083,240.176497951368,241.37599580579524,2020-08-24
657.8318066191484,659.4387701652595,658.6074444054624,661.9342135580978,659.8944387421759,656.8203314201417,660.2430113928385,655.6295035042167,657.3983234239028,2020-08-25
409.34226656266947,407.2765100247858,409.5499701828081,408.7953332042131,406.9094322073732,408.8020622381283,408.12796279051935,408.4612668976898,409.2015812092841,2020-08-26
257.0731957008471,255.1962798423535,258.71924935763843,256.98556382444707,256.8802063500696,255.90485905580587,255.40074892214864,258.2335908391845,258.7505583510263,2020-08-27
180.41588517555255,182.1339794052108,182.56485697179806,183.00212964861038,181.3490182523252,180.5956031672797,180.0583160424506,179.8886822017546,181.06186596589117,2020-08-28
134.76972644430316,135.03547848942776,132.8453285377233,131.1834170919318,132.1423231661147,133.3068100087938,133.5195134545844,133.91357088308763,133.9089119078223,2020-08-29
122.55428334387928,119.4636149784059,121.65702319491416,121.74957704818485,122.53761291433774,117.26200021894691,120.60093464096911,118.04513885734863,120.14102396435516,2020-08-30
276.4113925090969,276.362191330721,273.73328529870776,277.06468371045514,276.5781922519543,275.761497080237,276.4408849600177,277.2241922073879,277.9396211131311,2020-08-31
551.5576293891614,550.6866156383396,549.6202988992275,551.8117834041057,551.5678241670678,549.7566074582189,549.7230066764668,550.7418447801591,549.3618989190866,2020-09-01
507.03844026026024,508.4934599086898,506.46110438661765,508.143768510251,510.7362931496393,505.33241636702485,508.7570760181918,509.61002635089284,507.45743592345787,2020-09-02
238.0512998696808,237.39226943026247,237.121114721678,237.3999209448086,236.27027929207276,237.8198524582402,236.9962244666687,238.90460344896286,235.19455197402002,2020-09-03
472.76906262040654,469.9627918778557,471.6797652477462,472.7784226893723,472.91748835291236,473.2659031677324,471.49754746484075,472.6254717100469,470.89933578442594,2020-09-04
274.0612265106224,274.46343636745496,275.03183075578073,275.0672586340412,274.8221063605517,274.43768398321384,274.1936768524723,274.2577641101119,275.06066655067434,2020-09-05
182.1694296098932,183.25688531511258,182.37444693549742,183.2221419770284,182.00018216857106,183.81639306756563,184.10944726997434,181.30040013988076,182.02137334252907,2020-09-06
344.07537297929264,344.6912801748566,345.91681317436917,345.5153960459079,344.3022100248063,344.1400728807472,344.75246335321464,345.85107176580874,346.0482240147842,2020-09-07
286.478915651463,285.94486262683097,287.11516902071105,286.0023130087744,286.9003577569171,287.2658858704959,284.5817641330458,287.2933654536968,285.5294477869576,2020-09-08
460.9510540028674,457.9364324831954,459.5901631008082,459.00756930664124,459.93204215792036,459.02434905158714,458.75099331469414,456.7212613631108,460.02037393268574,2020-09-09
388.55966559232616,388.48956006837136,387.4346034228208,386.901977031794,386.7360781849393,389.3038931721805,382.4518375637015,387.82224519677015,388.153606119789,2020-09-10
344.9339189516886,348.39447815840174,348.5483626992078,347.64063537852917,346.70348008464276,348.57104528124813,346.6527884448598,348.7684662866623,347.3386747945759,2020-09-11
457.2665717665974,458.2499013424758,458.1770513182138,456.20622811396106,457.4323206296877,457.99595922721284,458.50729735024186,458.2141997935325,459.1531183859221,2020-09-12
174.922359315659,176.12443591915746,175.828547567282,174.56427713583204,175.07468832681954,176.29839751639685,175.54017760175284,172.51628846682982,173.58917045404638,2020-09-13
110.6606120744387,111.71803870228983,109.32369756286288,109.68530952352934,110.55838109525706,107.85193938687813,110.0509698610452,107.72754776651813,108.41338796780067,2020-09-14
329.62643944967965,326.4585295409642,327.7415871038256,327.9280880200863,327.9114722698504,332.58268097774254,328.60972926992923,329.0000176230836,325.8761025411556,2020-09-15
696.7944722177942,698.7805589968651,697.3036235120572,698.072005281959,699.0165043059901,698.9494362093678,697.1672451795826,700.9993145552613,698.4236186073434,2020-09-16
500.50337880313657,501.64237684394914,499.10943028226177,498.03632347669196,499.95346000814357,500.4886478458934,498.94543983370204,499.02208847985037,500.5130370456918,2020-09-17
299.5015762700201,299.7514387987026,298.6264757094218,299.91867135916755,300.82635571243173,299.6772460992933,299.44507097837106,299.18785682463226,298.4530770851025,2020-09-18
681.9647337108148,677.1329690351171,679.1526157756944,677.5292491735977,679.6998543573875,678.5408391688344,683.01999364229,679.1375682634708,678.4963597784116,2020-09-19
303.04155352103066,306.29384804846234,305.1810017003263,306.22289798663445,306.51653424558674,305.2966308253082,304.4241215987789,306.8086137938925,308.84963873834454,2020-09-20
259.739083089819,260.0411690614862,257.8187070511617,258.1260783751882,258.9829989426627,261.51730929820974,259.24518073837845,258.61780793581966,257.0593156575468,2020-09-21
741.0660280804829,738.5221702243433,738.9438728528773,739.2899934867813,738.9816770781588,743.5031101947778,740.9013747458736,741.8485220934158,743.3257208307168,2020-09-22
754.5766242441427,760.2086500536232,758.990197444883,758.8628121993365,758.8223378292381,756.8272046742725,758.9417064527072,759.9615193221614,757.9870072459343,2020-09-23
451.6013759354906,450.16439083194757,449.46619310433323,450.06988375703196,451.1234169075834,453.7561253971894,453.0953239211645,452.42949267640597,450.739300521357,2020-09-24
293.79523354488583,292.6358819641355,293.3176795828209,296.4473503248015,292.57096199025466,294.6878630295339,295.47436362019516,295.86892333391194,292.64182076452,2020-09-25
117.35631468541565,117.59644059627567,117.82528465533811,115.41166254889184,117.72787911183488,117.42686208372724,115.9343320463122,117.9953015655998,117.2711004018168,2020-09-26
107.30571985160121,107.22134674679339,104.88662870506312,106.22540945245407,108.45275819293035,107.33009792937929,106.89485434640771,106.32456990394124,107.03328478457497,2020-09-27
114.09000186624007,114.85493670508463,114.40506900092316,116.29553899039499,119.26900778290421,114.45305406859971,113.53092786430314,115.69791691518449,115.68012149573856,2020-09-28
121.47243301523099,118.7014877215497,118.27336029527797,118.11136201649691,118.79953911313362,119.36426572286477,117.8366466337764,119.48251473131133,120.56817944508526,2020-09-29
99.05540426744118,96.43784228400916,98.87474247872163,99.52400469464668,100.21228931605013,98.70007158053471,98.82990931700084,96.80305615635181,98.41650181437168,2020-09-30
137.59882999979504,137.06900803096124,138.59806475458532,139.2945092112766,139.49305305258014,137.25241409096967,140.18175833745323,138.4864059466671,136.44535611655732,2020-10-01
122.39403330277979,121.79366090666988,121.60530771399752,120.86830958469908,124.16201813315585,122.70039360644866,122.73281656654652,123.50005896483103,123.06395678452307,2020-10-02
448.0516174312918,450.4112135613955,450.0570146923317,450.7872859185213,448.56859256292086,448.68885521194954,449.87852833122076,449.9986342530788,449.27490743473487,2020-10-03
502.0786876046367,500.1550425374222,503.0775020933958,502.3712384514882,501.2432476361806,504.6605310655483,502.56148972788117,499.54378932056375,500.1121704572176,2020-10-04
312.738743442326,311.5596069405027,311.48441336320116,311.0152011487022,309.2594965497815,313.50224414365505,311.4071948943598,311.159136988961,313.12264298146175,2020-10-05
222.12593708132016,219.9556406389697,222.6568830090139,218.7362208938805,221.5128251701359,224.1529482488042,221.34507477636907,222.14809649391353,222.61843111631646,2020-10-06
616.3272870596387,613.660589528956,615.1926363454633,613.3454035695125,616.6168833561353,614.2831679214241,612.4109357264892,614.2017138841198,616.2744654794137,2020-10-07
544.652545090592,543.7421486498007,546.2379024652035,546.7899735891074,545.1625003397758,547.6968973795857,547.53561037912,544.2195860734744,547.3252759762926,2020-10-08
372.7617079115837,373.09560605563377,372.31201136517404,373.0837186150278,370.60125072813173,370.93728598141246,372.11258059644655,372.8565326935021,370.7333205774806,2020-10-09
929.164527234821,927.4144527793774,927.876993810365,926.3393365067107,926.6343139600021,926.0041002612774,928.5262633330717,927.5787804941442,926.0633097761845,2020-10-10
351.8649804122252,350.81878084426063,348.78439725411283,351.55063360878734,349.72999418844245,349.80860767405534,349.99904011727324,350.3795286479917,350.5962524071941,2020-10-11
720.8161375491173,716.4956828840311,722.9424865550732,719.2381601980226,720.2206496561896,720.2271191931316,719.6818966965357,719.2560424295791,718.7102640392608,2020-10-12
239.10863501015,242.27365864775425,240.68843340255205,240.96345505839736,241.4699491229742,240.03648733422762,241.47917189531546,241.1430212224932,241.13667058439154,2020-10-13
98.95327239463779,97.31315838818277,98.43475976133696,98.52909410282561,97.49499136009042,97.96449571383087,96.26354194721041,99.23877005926411,97.65851316140282,2020-10-14
101.54333983829326,97.3083265302212,98.2638713983585,97.99126287771733,99.36805839756585,98.55688473447383,99.44506876599101,96.2146361948167,99.02312079824569,2020-10-15
138.5715793883772,141.07913635879123,140.7734726766738,141.44841933622985,139.02406376845772,140.86267164324633,141.07847848679745,139.19480456916705,141.66362452147644,2020-10-16
697.3021751915302,698.8360293070732,700.1805340397741,699.6735524405038,696.8224158501996,699.1825759230683,699.0356331468794,699.6478746564685,698.1206146051886,2020-10-17
583.582893066291,587.6051956814067,584.1644456176442,587.0289669039967,585.1077952603989,587.0688291745099,581.9048511209113,585.7542763927205,586.8178270008433,2020-10-18
451.4650616891656,451.428610351049,451.7924706408112,451.4295567499962,451.818291394997,448.8463117292529,450.55862300152785,450.77281874791265,450.4619341166006,2020-10-19
230.89870346858316,230.03689627622543,230.5138953759101,231.86085694812277,231.110679409998,227.5551588208969,230.00775776744064,231.55632903987504,231.72625318456738,2020-10-20
423.59520831554204,425.8807178027309,425.66196925167196,425.6928527194624,425.37670609437737,423.97384872036696,426.8343390776487,427.7129529419148,426.8255492338712,2020-10-21
421.37486278776674,424.9518497726801,424.04264403164206,423.5583685449744,422.6195950034351,426.0198748234735,424.5177943188369,423.80148438881605,423.91517236155914,2020-10-22
241.57798498308367,240.516278122134,241.81050013480186,241.50952117364355,241.3637704682389,239.14948416176793,239.34745068476184,240.73941996163606,239.79725325325765,2020-10-23
165.73568000477013,163.79284970690418,163.09915477920106,164.07053374516437,163.1499296802914,163.93028325125294,163.70126206432795,164.09237751243063,163.5423119245467,2020-10-24
208.77141152233708,211.89782485783485,210.1982055731836,212.30303290633634,211.82111891731452,212.16123665937292,211.94910292511653,213.4532781811372,210.49844647352393,2020-10-25
331.32191490726177,328.9117106054937,328.49139668329974,330.19780265665815,328.52713948925145,330.84841434237717,328.77046534926586,330.3531579473777,328.9338544272059,2020-10-26
417.8522824913621,416.45941546226925,417.00798107175626,419.53411733071977,417.49298809177094,419.50442782872636,420.84770003930373,420.8023536097181,418.15776559084964,2020-10-27
413.2059439673744,412.88011157930856,410.4810070805402,412.78924082762614,410.8507931537846,411.25136989509423,411.1269145175761,408.9267286467328,411.2092488154672,2020-10-28
1032.5034217451478,1031.0165694688405,1031.133028468016,1034.723351349687,1034.5964552206024,1036.048501307821,1028.8190618649378,1034.3524444415866,1031.1696043082175,2020-10-29
698.737170241237,699.7722826369409,701.805751477687,700.9314569116052,702.0621073981342,701.1061033527415,701.577782630065,701.2457422772486,700.6033604097902,2020-10-30
647.0355973289916,647.8187049269206,649.0759086048402,647.2540131252671,647.5545647970915,649.6545571568586,650.623210447395,648.4410915886003,646.7217915025421,2020-10-31
463.5221682268126,461.42732585633144,463.83158251207203,464.5602373982946,464.1071958274908,464.13139841488334,465.06044063657407,463.0115400226315,462.9438902859513,2020-11-01
438.06740788094004,440.0251014511273,439.0834204249269,440.3271573855987,439.7871276898635,438.40058556008916,441.23092729112113,438.5801915867876,439.3903548136473,2020-11-02
168.85358423240112,168.14741126325092,168.2431529747936,167.15576277294264,170.99389447207562,169.77732635057288,171.56321574732794,169.77420286404606,169.90251538186155,2020-11-03
308.4112828918468,310.17205027575017,309.38223062582597,309.287528025932,310.2471868086053,308.9818661427016,309.3098521394291,308.38618650739664,308.6190916721717,2020-11-04
607.2535791232511,607.4202491946448,604.539907669086,606.4013232457063,606.0624926550823,603.754671846999,603.3867113640437,606.3837380702242,603.4999368164348,2020-11-05
809.8237406640947,806.0816352942428,809.3196268548379,808.0468603887003,807.295155940252,805.9655476656905,805.775767168718,807.892255948871,807.8126191719606,2020-11-06
733.0336071323975,733.9058536860489,732.4036623540105,732.437380527794,731.8545634389818,731.6596418505387,732.1091566872349,731.8332216781422,730.840270972484,2020-11-07
670.847170501904,668.1846140071245,669.7148603561557,670.4201836506204,669.2279129514218,670.2100432521473,670.3620899070521,671.9155018357952,668.5851045917684,2020-11-08
261.6450408649447,263.43729633813126,262.24213349837873,260.8523981678738,261.15705780302636,264.75375131065664,261.4057575897467,261.8062005930632,260.99106005547293,2020-11-09
240.1688618032073,238.09844212272492,239.78113572293873,238.73439784076965,241.103591245347,241.48648018969146,239.03032333170216,241.04131985680874,239.3440878982809,2020-11-10
465.8867501094419,466.3734837470332,467.87836886285504,465.616465960771,467.2795292193406,466.78743130555654,466.51715331880547,465.54266555260534,465.0336509213047,2020-11-11
395.8450814954752,393.04761608700073,396.7261754967958,394.74093850289466,394.2321611064683,395.16724776683077,395.0557077227777,394.66346525883284,393.33880323714163,2020-11-12
529.1653270324807,531.0092634782441,530.9648954827184,530.2592124185007,530.9897514974003,530.2135260255255,531.4282649893033,531.563996382622,532.1356533956398,2020-11-13
446.11302774442106,451.00006577000886,449.4418718955554,448.6394075834261,446.482198477352,445.4264692607259,447.755202830514,449.16143740707366,445.319158246508,2020-11-14
393.0031832460037,392.5737558415626,392.4191117981565,394.12109040009926,391.9857746229747,393.1981103000321,392.65108761152305,393.1288988514462,392.32721060059964,2020-11-15
447.8424648678725,447.30134961658734,450.92106288089815,449.51307351168396,448.44045993825796,448.08592675031537,448.06642740834127,448.20044495797754,448.9310747140712,2020-11-16
348.26603308236736,347.0857838753724,343.91119824034814,346.5279558993309,347.43528111583595,347.6115338044847,345.9923761359137,345.62797047914546,344.802935431595,2020-11-17
393.48839465852507,390.10288292955886,390.59705116815167,390.7654341754121,390.4021602905052,391.73100458668534,390.54335017156717,389.6898822999649,391.80271809548975,2020-11-18
823.1928923732052,822.604374349175,823.2172316590431,821.9662120999926,822.9464579176296,825.1273396204001,824.9798544772232,823.4464582685084,820.7037311473722,2020-11-19
163.83467993433095,163.6824072516511,164.58817822076455,164.71862144410454,163.48921975425895,164.04882876054916,162.95703376176456,163.97121744665577,161.94654099484086,2020-11-20
263.09149116488027,263.9474981287375,261.90544247096454,264.56566624411266,265.13071807541013,263.40736226211243,263.82057980935275,263.823378284453,262.9371968815934,2020-11-21
315.8730232740536,314.3686172952737,316.7975983295969,316.3597537643456,315.5135876791735,314.0958140595765,316.90708476360635,316.8567971775872,318.04162358516396,2020-11-22
338.87691019098565,339.9093730246028,341.06745638679683,340.19446534838914,338.9960299716777,339.38772120622156,341.1699867170518,341.04997401131124,342.73680154200184,2020-11-23
792.8041620252388,793.5426307116047,791.7264650676797,792.0584102353573,792.0116971240684,793.5782354069477,789.1078202794007,791.6101398135183,788.3571290723862,2020-11-24
796.2678907457068,793.537505812157,795.8997398051293,793.7132060639094,789.9719208945369,792.9961039847266,793.3787349200735,792.4120552906753,791.6270869153011,2020-11-25
241.33889663419455,241.67215628141105,242.7538394719785,240.54638631635885,241.92236093358102,240.07166537938852,242.15724052855506,239.40984716875886,240.32028557633026,2020-11-26
594.749823019145,597.9364746689454,596.9222038617991,596.1838960972555,594.8471924869152,596.1821281438625,591.2006597677487,594.6294604999276,593.5748745613739,2020-11-27
508.33656313132326,511.0325298243732,511.64276608999876,509.61471462785573,513.1803870012693,510.6651904258572,510.4923761754698,509.78299915639604,512.3365129973779,2020-11-28
446.57941856046483,447.75542515962695,445.320649810492,446.62735983692374,449.336510149358,447.3748458678282,444.97946462213633,446.1587915111255,447.9309586855692,2020-11-29
850.8858594001488,850.7086549216922,853.0313432620046,852.2332516733885,851.0377326720361,851.6062079312055,850.7475553214977,851.6954621473719,851.737980042757,2020-11-30
835.6317695561072,832.7400672129828,833.3966757030582,832.965358334572,832.3236502676642,830.7679013369916,834.5024011434894,832.899867282184,831.0618529261905,2020-12-01
202.81034752167113,204.51151939319197,203.3049139863718,202.91458594409391,201.6807904179657,201.36218002250203,201.21932591093727,201.1735663042843,198.9967720264274,2020-12-02
548.5307387241664,547.8828928363068,549.3979774776906,548.2321844898175,547.8541607147739,548.1641280728358,548.545181370388,549.5562239327686,548.6232557244058,2020-12-03
539.6961491463663,543.3885008289915,539.7071899604244,539.1456407324117,544.1728705603368,543.0617286298078,538.2786736558353,541.9132161372486,538.8590239138458,2020-12-04
120.66060655165616,122.79584954692402,121.9611077241035,122.62396113047299,119.68732473163277,121.10480862924743,123.56050241227864,121.44758426493718,121.62948170005491,2020-12-05
313.7338784680942,316.9430084697419,315.94267550895125,314.2228857153224,316.0107588163668,318.9271944923982,316.29321687877695,315.97043968727303,316.16416756703234,2020-12-06
515.7729238650803,514.5458045334775,516.3765928776411,516.0626941692726,514.6281437959018,516.3921978356426,517.330250429942,517.479215267469,519.8199183462345,2020-12-07
415.3532292626446,415.3549513084488,417.1663004906215,414.02421726440576,414.4034311155326,414.4180983021336,415.59441505045504,415.6256981928086,417.03021065912816,2020-12-08
129.7490827273626,127.7866467613811,129.50045117918884,126.70657926402605,127.0523834790765,128.76828322971903,127.80499136065444,128.8066359342758,127.27598981622609,2020-12-09
469.100696334216,464.9393794229607,463.4461241901032,462.0925359357102,467.5022366556839,466.60801276639506,468.74765937072857,462.52492907902104,466.52534145046565,2020-12-10
270.5428555319036,270.0000783373604,269.4381378569452,269.53464423706316,271.25103547789627,268.39056058782637,268.775697367835,269.55852277962947,268.29063025565927,2020-12-11
625.333893835558,624.8516008455081,624.2077779302363,626.290782841057,626.2139307218805,623.467942766171,624.6619597954792,623.0844657459497,625.8611904235537,2020-12-12
621.9862500418122,620.1735530476044,622.2371784150143,618.4020004696885,619.9894037269496,621.1507033782195,621.5719863511496,619.2257624496812,620.7959884113673,2020-12-13
380.8028270307882,380.51987435227005,378.9679669970151,379.8802522576323,379.78012197097394,378.4305048875474,383.1715135649599,379.10809714843697,382.34632471308026,2020-12-14
671.0633623215026,669.0976490448229,671.8095578914822,672.8448753250825,672.7520355258564,673.0959879794609,671.2439637512364,673.8577790470628,673.3122439945255,2020-12-15
204.69891799261683,206.6038451222735,203.3926713299422,204.71662044991254,204.72039981410776,206.13727455746684,205.6770190752079,204.29623627819367,206.15866808495497,2020-12-16
433.0800166566567,436.4884561666226,433.96921173596195,433.39221896377614,430.9315603923868,432.9160452956172,434.9549998666772,435.89550636943216,434.06031006380283,2020-12-17
1088.8937101698189,1088.9439260448028,1092.198170703521,1089.3833556915106,1088.7122227004097,1089.090129706816,1092.1168143996244,1091.3550464813077,1092.9117386985372,2020-12-18
592.4820050742417,591.5310413865545,594.6191167504323,595.3801258054104,591.222279741068,595.7627003250609,594.694095979987,594.6709802154123,592.1318078414838,2020-12-19
134.4626774953728,132.47828239995266,132.78818917796832,132.83283178052295,132.65651677554928,134.87247656128704,131.68231773521995,134.318621117724,134.28409222883258,2020-12-20
153.08434100286468,154.09650814372685,150.29507979323805,154.1013620475371,155.5283364452194,152.4117252855528,153.30177036671034,151.52452296963003,152.09219492609918,2020-12-21
156.11072243611545,155.4157733716011,153.65033734723022,153.43182751295933,153.4564983979474,152.07246662739422,153.1381631829491,154.25406220770904,154.68514277220794,2020-12-22
359.71197559180735,358.9116402241775,358.2489541365807,358.8903311274895,360.2333609809002,358.4793421492857,356.31603089456013,355.5935385563423,357.3336543153506,2020-12-23
1147.305655760806,1144.4941290024594,1147.6753399866118,1146.7751627838013,1147.0175326033575,1147.5719108997796,1146.5843111261495,1146.1850680443845,1148.137645102497,2020-12-24
849.968748902873,847.153734503259,848.572777432295,847.3034340943935,849.321973856813,850.2729629038652,849.5013451148432,849.1238073394251,849.1325021016555,2020-12-25
366.9075044874318,369.0283150024637,365.74578661363626,366.29558433254044,368.4032999317591,369.1097494231912,367.1672829942692,367.7425549981261,370.60629002005794,2020-12-26
339.5173351458931,338.05458970035505,337.7393184107149,338.5965595886288,339.42122582850675,337.65283428046075,338.7215506995468,336.5234961675445,337.61521612115655,2020-12-27
341.3106489536283,341.79595374320763,341.86260494960277,342.7768676828765,343.03263424883346,344.000418168813,341.1343295334284,345.2867357314914,344.02289175153,2020-12-28
204.5871979960445,205.45112644728795,203.17259365109382,203.84225089040808,206.39100747354524,203.97307459888242,208.01188250353468,201.8839984358724,206.95327527755495,2020-12-29
523.1827593305508,523.5390123339054,523.2331142377842,523.4247882082458,521.8267973583307,520.6748060033816,524.7035484306592,522.1189127251266,523.5102056566157,2020-12-30
