ones,euclidean,minkowski1,minkowski3,cityblock,cosine,chebyshev,mahalanobis,geodistance,wind
34.76045637446434,34.77520976020384,34.76424613872564,34.76392541954445,34.775143611569945,34.773992921799326,34.77181557907205,34.76150377706863,34.766034918578335,Aguayo Wind
123.9511278874898,123.9612838869228,123.94961111372687,123.94037227036979,123.94357804691928,123.90995498394561,123.96603347341517,123.93362092075027,123.95518580970038,Ajax Wind
49.01197032932167,48.99595756065574,48.998480411509036,48.99541489954015,49.00498197790446,49.01063324336452,49.00070655128215,49.00993631485384,49.00655641726731,Amazon Wind Farm Texas
16.57662384189172,16.579637529286632,16.57615408637908,16.581170279111227,16.58048598740108,16.58134260458406,16.579436077495075,16.580583014604244,16.578248329252315,Anacacho Wind Farm
34.42783611110662,34.437354045325236,34.4288554973776,34.43111395772687,34.4362171520252,34.43130241630222,34.42603135246568,34.43455380395946,34.43294970210815,Appaloosa Run Renewable Energy Project
36.269882043175805,36.27262737334646,36.272760121923795,36.27318912639273,36.27185310301872,36.26805420911447,36.2820769232605,36.272392249069156,36.269750675592825,Aquilla Lake
17.966427980228886,17.970880598491668,17.97064338227754,17.971366314444374,17.964142338507845,17.967003455544194,17.968805906612104,17.96384402237628,17.967814757175404,Aquilla Lake 2 Wind
61.87193221326418,61.866462975772905,61.84736256054863,61.86622578677405,61.884730490880045,61.86075527667513,61.865555381378755,61.870811562367315,61.86686206958323,Armstrong Wind
65.83503231743178,65.84004109901842,65.8458486958877,65.85184221491515,65.84611052502488,65.84034246920105,65.83566347344409,65.83402480312675,65.83995553742568,Azure Sky Wind 1
65.44797302032076,65.4643069857859,65.4660257553278,65.4523775024194,65.46922957728533,65.43753509394945,65.46126622436292,65.45140412579103,65.44525479359854,Azure Sky Wind 2
29.91119249628909,29.915296273404387,29.91897467225284,29.91616475017715,29.915762912834676,29.91505008012473,29.914951948915885,29.921757830533142,29.92233498599918,Baffin
54.92826141488639,54.93062231693515,54.93702076028799,54.919338771943075,54.9212422532775,54.93279482823059,54.92702330441832,54.921309686848545,54.92428431276148,Baird North Wind
36.706470207461116,36.70369361915309,36.708408136290544,36.70303012233293,36.70957630924716,36.70060638683749,36.69881667574594,36.70370967711658,36.707023378395036,Barranca Wind
36.31625110648594,36.30936499718934,36.307945627202066,36.30860494994713,36.30776312358925,36.31535611555808,36.31562033301926,36.31325658799188,36.32117649763292,Barranca Wind II
35.12138159730903,35.11854958980387,35.12109367722374,35.13205087657061,35.1153824973361,35.123905010008556,35.125433503143896,35.13202702405252,35.123237954732154,Barrow Ranch
21.403774940971587,21.404323791853237,21.40692656835047,21.40318197272239,21.40336289416926,21.401400654160582,21.399587802424975,21.404818702895227,21.403147701242485,Barton Chapel Wind Farm
38.54388669120527,38.55329182296807,38.54911364090452,38.549722742761524,38.550221607153134,38.549254565750935,38.55428550470856,38.552691198680805,38.554827358295796,Bearkat I
55.82236470626417,55.824320077150375,55.81331418100706,55.82984004213612,55.82492778594595,55.82992742516255,55.82877301890754,55.81890992311103,55.8356407394406,Bethel
70.55002009184496,70.55647344254542,70.55468119829894,70.56660709392315,70.58367870330375,70.5644699240737,70.57810986031454,70.57901940106584,70.56225574476909,Big Sampson Wind
7.110194445007551,7.108633595000533,7.110224688749018,7.110010251478442,7.1114213304713445,7.109419662560696,7.1104845721413446,7.109501261252455,7.108084937813251,Big Spring Wind Farm
37.658756231247594,37.666951375374985,37.65568401763065,37.6582070500286,37.65395467822073,37.65290545773293,37.64863076765548,37.65844360060286,37.65614716370412,Black Jack Creek Wind
48.69758179831232,48.703962822955326,48.687661402170725,48.6952404856276,48.7027365457378,48.698251477308204,48.688724104709294,48.69690371531611,48.68930735213923,Blanco Canyon Wind
26.280292674329814,26.29114457794075,26.283980980057812,26.29240781915115,26.28834426326261,26.288630024700698,26.284359449492175,26.290687513515326,26.28749362398154,Blue Summit
20.056305481939084,20.056468561430524,20.060167114451065,20.05789769232865,20.05843237914288,20.05655969175566,20.052774530269758,20.057794150485854,20.061795037060392,Blue Summit II
39.25350925107575,39.250669701892114,39.2663563798775,39.26543468408738,39.25636979957272,39.24352547041806,39.26468013747259,39.253453249825135,39.2520963448457,Blue Summit Wind III
1.9229961242517508,1.9222174703490484,1.9229778359223468,1.9226738503464285,1.9227910083628472,1.9222596768863511,1.9223051003103218,1.9224232577268436,1.9230034824368256,Blue Summit repower
28.04674088321158,28.04356471772789,28.044590439813835,28.044369770234358,28.043256034624065,28.046398353539153,28.049987783636293,28.043035656107588,28.04486396212862,Bobcat Bluff
2.1903770635432105,2.1897329223574946,2.189743814273455,2.18960224253152,2.1898921267423,2.189572346193703,2.1894582303294436,2.189469005707628,2.1899137361425955,Bobcat Bluff repower
43.950918032704,43.953312152415286,43.94512305607745,43.95058923710717,43.95125580063427,43.95319802258451,43.9427967984439,43.95237089278532,43.94877117318579,Brazos Wind Ranch
31.323803297304835,31.316951161425514,31.32038221867112,31.31959489520973,31.31792138988184,31.318425295151926,31.32443474571323,31.317532675120543,31.32283744416092,Briscoe
45.08773117331622,45.08484436487075,45.06834710183045,45.09613570803524,45.08581623338655,45.07335197854671,45.07613866408711,45.09440587778762,45.07946301937408,Broadview Energy JN LLC
34.25272105732807,34.25033952248791,34.24963207907848,34.249955583268694,34.245284859103,34.24558627133156,34.2542066259889,34.25351973000948,34.260479522854645,Bruenning's Breeze
16.673432672916977,16.675420708003326,16.673409054194575,16.675700120934003,16.675801940874127,16.67640911968762,16.67555833292674,16.675285114774816,16.671929524312798,Buckthorn
36.16429284859023,36.16974989329931,36.17069184223015,36.17287625188459,36.1613374471229,36.16599308826715,36.161234190206855,36.16461383177306,36.16994458563295,Buenos Aires 1 Wind
38.496745236952734,38.50718314136458,38.51166911263816,38.50134302950872,38.512780330034175,38.508133879528884,38.50282611564912,38.49607800965576,38.50650067650673,Buenos Aires 2 W
33.371759835779784,33.36641596071922,33.36642508223545,33.36663962788415,33.364675097548556,33.36731167359118,33.368179676433876,33.36872191616917,33.36542354076664,Buffalo Gap 4
101.2433563306293,101.25782211831684,101.25261671479716,101.2443472073302,101.25902687771348,101.26141842250583,101.2736093150826,101.2613139596405,101.25492308804908,Buffalo Gap Wind Farm
36.16424183966292,36.17048031577604,36.16456586118267,36.16458975319732,36.15634814419106,36.16985358619008,36.173092531919345,36.1804938223677,36.16220795144033,Bull Creek Wind Farm
44.65983225781921,44.63992964179038,44.650079400084564,44.64717022758664,44.647002108813965,44.652245543946705,44.647767607182644,44.6501461598941,44.65008265247573,Cabezon Wind
28.743505554413698,28.746449245516136,28.748469964263528,28.754469992270497,28.746010307388193,28.752545485942168,28.743145241837723,28.748537350057774,28.749778065490514,Cactus Flats Wind
21.95218135736319,21.95613639576783,21.956445626492076,21.95117180718301,21.95702999390131,21.955319286321327,21.960159478797877,21.95079365199774,21.950185308012514,Callahan Divide Wind Energy Center
24.176756946592594,24.17461773988092,24.176413395333952,24.17267854648382,24.178746300498666,24.176591493788926,24.17914054783499,24.17775813638827,24.178979845125788,Cameron
49.28569491765006,49.29468451523107,49.287376000758314,49.28586542886249,49.29058785074739,49.28327492335743,49.28319865538955,49.28817345589316,49.292043576502785,Camp Springs II Wind Farm
47.445869207657985,47.452859659804005,47.436239814528435,47.44227353981564,47.43070999600619,47.43344141533372,47.45448532329582,47.42222849283947,47.43947880911771,Canadian Breaks Wind
68.19558938870995,68.22083314161793,68.18644989662047,68.21900632931528,68.20677415125333,68.19534241371895,68.19549290142483,68.19139748560197,68.2162960810478,Canyon Wind
6.190396396206385,6.1895715373877565,6.18901678113465,6.1886807081724875,6.189728773505451,6.189643504976502,6.191164571304532,6.1902947301609315,6.189467647207124,Capricorn I & III repower
1.733099129203258,1.7329970235081746,1.7331396069404246,1.7332610592338151,1.732883094059804,1.733137113433414,1.733222336930048,1.7332973915858747,1.7330684406056673,Capricorn IV repower
135.31533698995278,135.32002438386118,135.30567982479488,135.2979002509857,135.29508724358533,135.3009201286487,135.33396806372758,135.30359143763397,135.28402371393895,Capricorn Ridge
42.83091598016167,42.822767158220756,42.828947483195925,42.83630432055137,42.82227219770211,42.83093129051928,42.827937057809265,42.837317759407604,42.83592253909354,Cattleman Wind A
42.647253967622376,42.65419546011162,42.669385511801636,42.66668787269265,42.64194718223884,42.665906231574326,42.65376010117711,42.66290913308091,42.657753915619125,Cattleman Wind B
27.294721722323416,27.288185090051396,27.2932927028562,27.291817963224844,27.294640938728275,27.28820676440444,27.290476877504716,27.29655834626609,27.287729050963176,Cedro Hill
23.728246207027638,23.725235653150747,23.724988011793013,23.73063836476943,23.730512246783153,23.72530798794398,23.72558093863546,23.726290462305936,23.732813222694105,Century Oak Wind
25.48207429613445,25.475403573975736,25.47574415327732,25.48014689215363,25.47196955024369,25.474948130003423,25.47878971671269,25.476815187730885,25.48123313585228,Chalupa Wind
24.565195668882176,24.5577720590752,24.565450266792638,24.55709488907438,24.554713843857243,24.558243691351134,24.5642006892988,24.558425583103723,24.555111796996826,Champion (Roscoe II) Wind Farm
61.494384618170564,61.506125077212154,61.51966687810825,61.516100626487834,61.493790430089916,61.502975075636975,61.518091066281926,61.51498967715357,61.51448276278475,Changing Winds
36.101567856901106,36.09370182768568,36.09757471215185,36.098929412863605,36.10025347020719,36.0981848964976,36.10046135836504,36.104176048609396,36.09456717730562,Chapman Ranch
23.37473964695657,23.371826463909187,23.373985916890135,23.374019487755824,23.37929106030169,23.373461952100836,23.37907377001716,23.371782500062608,23.380138125727292,Chocolate Bayou W
12.47469224860491,12.473171911898225,12.47128904357724,12.473078768424246,12.474801020629334,12.474200833066075,12.469363235404494,12.468680274110085,12.472706620190012,Cirrus 1
10.05201837673299,10.05201633613875,10.052815817434874,10.05364849139408,10.053044467885512,10.051425091920748,10.052204633993512,10.050548519952732,10.053594289079825,Cotton Plains Wind
46.365898533924685,46.353782959071275,46.35529818082835,46.34601582325012,46.33877038475297,46.344998615037234,46.34431070255263,46.34168272939279,46.3491534192321,Coyote Wind
34.030832648752266,34.03088296141703,34.032117623377836,34.03325916673026,34.03758586215206,34.03614134664646,34.031474867435996,34.02857920155069,34.03940268012992,Cranel Wind
37.51964534310741,37.51914368394418,37.51682446779423,37.51302587260442,37.510910611341174,37.520446306977526,37.51257160040234,37.50635998783184,37.51561849098976,Darmstadt
4.976156409053161,4.975116320562114,4.975451166938176,4.974908934804676,4.9748917075157,4.977500991596041,4.97509148895064,4.9740880683052255,4.974970172551209,Delaware Mountain Wind Farm
32.82618808384799,32.820152108429404,32.81915521971494,32.828960283361354,32.82251265164585,32.83603198516609,32.81749021041434,32.814826231614965,32.82813552586388,Desert Sky Wind Farm
1.480308550802579,1.4795592152969297,1.4808828851806202,1.4798141459713783,1.4800417920693922,1.4802213920458007,1.4805251172449143,1.4800075002794113,1.4807098145440474,Desert Sky repower
33.51237080275597,33.50501601390413,33.51019020445708,33.50260946065307,33.50881702070123,33.507101765517525,33.51120837835557,33.50221854709511,33.50226434326046,Dillon Gulch
30.959205673986563,30.954259862100137,30.958467689721306,30.95776438959413,30.956965887316272,30.9494338398879,30.961299506787135,30.95671124080985,30.957924508735253,ERAWIND
30.552476726011378,30.548713562287734,30.544451671493167,30.549913823761027,30.557674777679324,30.55580499303591,30.55104254860331,30.5521887140127,30.55238162166751,East Raymond Wind
65.17058382287253,65.17685326468428,65.18910794352507,65.17743005452158,65.1512894776502,65.1824029700658,65.17782829532237,65.18765743085676,65.1687486290308,Easter Wind
58.599618462695666,58.602639660634736,58.61511645143257,58.6110444446754,58.61874567920374,58.617285046399026,58.601960550119806,58.60197497939516,58.61646745464988,Edmondson Ranch Wind
31.084402002751858,31.073632703016468,31.07850649954479,31.07453262574146,31.076067207731974,31.074976378004767,31.089680520477625,31.07690851820692,31.084916281585862,El Algodon Alto W
45.742450208266945,45.753877632222235,45.73582016700467,45.74183212342555,45.74308277512026,45.74769572468752,45.74430212071899,45.759314813587416,45.751939306226845,El Suaz Ranch
25.29479574078961,25.295280901863514,25.285821568726103,25.28925409432213,25.286209143523497,25.286798378226617,25.292465177615092,25.289477506931476,25.29157279055762,Elbow Creek Wind Farm
44.083211798382635,44.09717615976413,44.0915960625262,44.085799150234685,44.08432439009667,44.09388432174516,44.08765067481738,44.08648676680909,44.08694178219555,Electra Wind
21.841940695609765,21.83445097755621,21.839136407939588,21.840351744730643,21.841818393031435,21.84245144393572,21.8362040037146,21.84011215553078,21.837193739150223,Espiritu Wind
2.1152918764722077,2.1152922014724225,2.116086182904956,2.1152045757890527,2.115436176091385,2.114656226035015,2.1159660970543253,2.116195891692036,2.1158887297253868,Exelon Wind 11
32.20828473672545,32.2034067598689,32.199218555917106,32.2023263765608,32.19903757932101,32.20541697869226,32.200367997761106,32.19982179001827,32.2025575795028,Falvez Astra
35.74269746593957,35.7418924010999,35.744371840220914,35.74594296096951,35.74561586869268,35.74044764259427,35.74538510587179,35.73818543915004,35.742611585283626,Flat Top
30.95773342986057,30.955315568933983,30.960070665898936,30.963842180420542,30.95737279822849,30.958520408355078,30.95798585796596,30.96744211419145,30.958972939502395,Fluvanna I
66.86653094161727,66.87436955527086,66.85727629063797,66.87231710925951,66.87575756993157,66.87831555418603,66.87690245791545,66.89080372395557,66.88312855509358,Foard City Wind
24.839001892694796,24.83663593289428,24.838846182126638,24.83871596733201,24.835296075751046,24.83557066333024,24.830583004120083,24.841582189983654,24.841355424481794,Forest Creek Wind Farm
81.33342459824557,81.35008219057042,81.33499364807659,81.3439139613137,81.3554892130476,81.32050673463854,81.35580897693312,81.3417908376201,81.35208438964406,Foxtrot Wind
4.559750497997887,4.559639488521229,4.559922814361919,4.560328286593502,4.5613399225313,4.561100394728165,4.559433942032232,4.560198747169102,4.559589696255245,Frisco
28.97787584316351,28.977291529049406,28.977044684520155,28.975618918206013,28.979875457345283,28.989058403582273,28.986637153895074,28.977357131843554,28.975580298848037,Goat Mountain Phase Wind Farm
16.293646120245715,16.304369220974024,16.296529174207397,16.296758857795684,16.296845886707743,16.300706388937034,16.30193073020532,16.300504257619064,16.29589304555691,Golden Spread Panhandle Wind Ranch
25.026299398385067,25.032458435000102,25.032641738712073,25.02861316856524,25.031885561499774,25.03730321709641,25.034505577469147,25.03522992179298,25.036659752993376,Goldthwaite
123.09821354947277,123.13624826227438,123.10401643311872,123.09112540489649,123.14762846816515,123.14469636991375,123.13123006934204,123.11983848308465,123.11846132317105,Goodnight Wind
31.154997403334313,31.163783498759596,31.154078774255485,31.158883788902,31.160932321641997,31.162307528528753,31.161039086684394,31.15264645746273,31.151404971447985,Gopher Creek Wind
92.92334681582197,92.90356321932411,92.89652747821015,92.9130089454473,92.91653932326626,92.91523116239254,92.9067052760769,92.91957110807537,92.92572445357871,Grandview
50.86033853970674,50.85076474518663,50.85317527044625,50.860064113343284,50.849118177392974,50.85210181589808,50.85557711838468,50.864468020843205,50.852514892283594,Grandview 4 Phase A Wind
52.59690014681476,52.607800970117296,52.582366141514754,52.60254737299814,52.597922728877556,52.57824564504543,52.58559848722996,52.59470548580672,52.59422963020251,Grandview 5 W
109.34729898191765,109.3167366463279,109.31977762702671,109.35579385021133,109.35850144612559,109.3321439449387,109.31688344553906,109.34575774392525,109.32996260380563,Grape Creek Wind
25.146223878978056,25.149960378647307,25.14588514321462,25.139676929632596,25.14618611084187,25.141140197852188,25.140511381490505,25.1418745858008,25.142438072317347,Great Plains Wind Farm
58.37382804732338,58.37382453826661,58.36107150235349,58.36707547949657,58.3641572287301,58.3627356009384,58.369687042125484,58.36199283028036,58.36882158102595,Green Pastures
38.83877833101456,38.840883233259,38.848443878329775,38.844255323689936,38.84475948816458,38.84738087782651,38.84266037624022,38.8475090052269,38.84178796578334,Griffin Trail Wind
26.497674797315142,26.493383786795295,26.49073718055265,26.486683789858603,26.49066942831714,26.495039197888797,26.492362624607296,26.489060380623606,26.48950654751282,Gulf Wind 2
7.109396164243432,7.108779003718403,7.109183394382198,7.109302048878652,7.110015764633705,7.110087010325981,7.109962236198893,7.108651296082915,7.110074654361136,Gulf Wind 2 Expansion
41.769731468754145,41.77299581044888,41.76475815899767,41.77360774982936,41.77650928567692,41.77351855894369,41.78073052877913,41.77291234853838,41.78044826683513,Gulf Wind Farm
24.464393568272083,24.461333568761024,24.467925944818074,24.46476710688695,24.460891264963063,24.46633237179423,24.46519480825499,24.46416048480385,24.46675537715095,Gunsight
57.500248180950074,57.520092433846045,57.48154157612184,57.509145939359904,57.50390204281047,57.51154495451516,57.503616446528476,57.50944843613598,57.50600381581628,Gusty Hill Wind
30.946630526351324,30.944351980568086,30.94779348432871,30.943165456989156,30.941237606851114,30.934545436665303,30.94003008372896,30.938572663723466,30.938491498058404,Hackberry Wind Project
68.26132163373123,68.24547387937612,68.24040662581247,68.23787461520087,68.2570629130721,68.23238893742327,68.24223888117524,68.2285011506397,68.26268000810126,Hale 1
32.492118616059486,32.49205522876275,32.49905308052383,32.50257355711282,32.50796692392189,32.50535680434399,32.50077865827351,32.49257753750647,32.49223397717034,Harald (BearKat Wind B)
31.795912946993163,31.802552675358424,31.80216940848905,31.798343365890048,31.79599983013948,31.80004812118722,31.806088308488196,31.80949107581647,31.794949256213247,Hart Wind
20.815920369307864,20.809896116533338,20.80979221769318,20.81526779083889,20.812862545776607,20.8081914564251,20.813049835541275,20.81206950599051,20.812256805667644,Hereford 1
41.948030074376604,41.92844879224747,41.93357143349148,41.934317811118454,41.935358977904365,41.94575605013736,41.940511508315865,41.935248564210056,41.94147284720005,Hidalgo
8.333346190442844,8.3336091278566,8.333018101931568,8.330780329327348,8.33576049210164,8.33178945717327,8.332749806595166,8.331672562104742,8.330935089129476,Hidalgo II Wind
78.6040523285489,78.59743288043916,78.61928026272061,78.62984089081796,78.61181160895819,78.61448836442173,78.6257905282427,78.5993644559794,78.60020432331586,High Lonesome W
8.861550595862859,8.862967738586136,8.860041065721568,8.860679982159711,8.861122561816254,8.861177729108206,8.861805249898252,8.863259753270114,8.862815869847273,High Lonesome Wind Phase II
43.39889408276963,43.39855847609701,43.39268196943566,43.39196850894524,43.395953129998844,43.40352426701724,43.38059287654871,43.39702550632308,43.40370650699585,Horse Creek Wind
137.56451964269326,137.5776397998934,137.51244213033996,137.56054468873867,137.54908854346118,137.55231878270598,137.5415943574616,137.5465567579151,137.51763079486835,Horse Hollow
8.297723396456819,8.296223996258115,8.295127044026222,8.296621593263179,8.298779533824225,8.296186703948788,8.297071419647205,8.29891578396127,8.295553791805846,Horse13 CallD repower
57.969632394384135,57.99297313127989,57.9843226187237,57.99858272880448,57.97700595068081,57.97875552631261,57.97477147477829,57.995712402395604,57.98652522879204,Impala Flats Wind
38.371507331042,38.37138981815177,38.36354831353341,38.37001054395176,38.364673388700574,38.36650483733383,38.36807247418957,38.36636569225406,38.371624789088074,Inadale (Roscoe IV) Wind Farm
16.843268380922265,16.838057798251167,16.843085131195807,16.847408007955362,16.83640498866433,16.84329101178763,16.841451089860517,16.838837745130558,16.838143294491623,Indian Mesa Wind Farm I
40.95931462826534,40.94023017080637,40.950802472693084,40.951062890336196,40.94920422227324,40.94511458146547,40.9463641163287,40.964327767936915,40.95386179251712,JD Wind Farm
36.47967595492973,36.48600905276975,36.488956664239794,36.49698049128775,36.48946206303102,36.49234209321524,36.4901042211251,36.49261315107409,36.486524453252976,Javelina
62.79864802329794,62.81055990013458,62.79723266604369,62.79525861028143,62.80999009344767,62.79170719131903,62.80101850481156,62.806886454913496,62.81309038039282,Jumbo Road
18.748247510205307,18.753786793084316,18.750619403698597,18.75384822866952,18.750832046633136,18.75310514854201,18.753148707431606,18.75200247664046,18.753905164746413,Kaiser Creek Wind
15.14597139108602,15.149307345518721,15.14801003962536,15.149550607206342,15.149300545314684,15.148863552482883,15.151262899861532,15.145430575388295,15.15132412764848,Karankawa 2 Expansion
15.54458618901742,15.542608632966685,15.540916886693244,15.542376602552919,15.54337155119444,15.544482324235332,15.54327691516571,15.545306097005339,15.541512115883577,Karankawa 2 Wind
32.03162500943469,32.027081096032525,32.02913446377652,32.0349424463315,32.03734174560979,32.03457453519048,32.03095023732319,32.02767691739008,32.03548219994882,Karankawa Wind
20.26395283633731,20.265645745370225,20.266637716568788,20.265482440835633,20.268613562316407,20.266059949893204,20.26462548506154,20.263237276086652,20.26634933024847,Keechi
58.647736543028444,58.65629710109102,58.66832252268903,58.64907323636686,58.65884152423221,58.65077697373346,58.64587627952136,58.65853704834466,58.654959759409586,King Mountain
51.282312153757864,51.27762271631619,51.300722798957615,51.29287315708104,51.28377816893105,51.296890539275395,51.28687164671133,51.289046280540255,51.29182519058284,Kontiki 1 Wind (ERIK)
51.371856662434325,51.37249682069303,51.385179453762156,51.37352769302565,51.37647412287219,51.38352014476337,51.373926250099174,51.37818487760423,51.37577481770078,Kontiki 2 Wind (ERNEST)
36.62362946561477,36.6248484377205,36.619122943181694,36.626864976541206,36.62117976264911,36.62669397516695,36.62299710487541,36.61883682934367,36.62425022639471,La Casa Wind
38.444144625818105,38.44882757576596,38.45029450250755,38.430026897375534,38.446171104340756,38.433796649148746,38.44249319916385,38.45013688795606,38.43686978138422,La Joya I Wind
38.63244201364936,38.63374830539207,38.63536493539343,38.63586539039961,38.6433799136179,38.63124693974052,38.62760780119436,38.63262581776418,38.63192226854571,La Joya II Wind
40.23899171984257,40.24377427735358,40.24557044406533,40.24213663334045,40.248523926783385,40.2528899380546,40.24841066792055,40.235783852511254,40.24513662401453,Lacy Creek Wind Phase 1
27.72215440952683,27.72899637331847,27.721744592917315,27.727467303794967,27.727547484026765,27.72516383394361,27.721054733830933,27.721441838982397,27.721047241859914,Langford Wind Farm
37.61128237440341,37.61735315695256,37.6102918677765,37.615822279945995,37.61011593249839,37.61124826224291,37.61044670117493,37.61495046524922,37.6158935832847,Las Lomas Wind
41.21363347652383,41.20801245661463,41.19102321618443,41.19534752266577,41.2031268205316,41.199668175586346,41.203397117500046,41.20941915500481,41.19801534922295,Las Majadas Wind
4.199088303824857,4.1995069071132,4.198871710301254,4.199145319662977,4.199292102189765,4.199222496836032,4.199654094741292,4.198601664242331,4.19826836204849,Little Pringle
18.115692079641917,18.11578368087787,18.11412351062095,18.118934877878033,18.119302033351723,18.117114569785198,18.118396241892324,18.116748998555366,18.114516205782536,Llano Estacado Wind Ranch at White Deer
36.34144274878205,36.34031227822669,36.33926236307119,36.33566356345807,36.34409201194156,36.332022379242524,36.34718034396526,36.33823959903224,36.3471422465332,Lockett Wind
36.12123416995858,36.13167019761871,36.12569749154912,36.13060418126276,36.13363526812315,36.12866402447191,36.12043337426161,36.13016033274604,36.13059706462796,Logan's Gap Wind
34.659588147276395,34.658948351894246,34.66906033227885,34.658554645737894,34.66378712246578,34.65523877146976,34.656145544943136,34.67247234111394,34.669305243481325,Loma Pinta II
34.34026598792684,34.3358629884691,34.33611844644415,34.34217388197333,34.34648296051913,34.34132991952445,34.33419231952197,34.341218068112184,34.343822190870185,Loma Pinta Wind
78.79729849153756,78.80951591625303,78.79222539340972,78.79813360273334,78.79091051094488,78.80214814878224,78.81213071835167,78.81220932180493,78.80355568403753,Lone Star I Wind Farm
41.15704533074685,41.147794167155595,41.156328991623184,41.16105669389326,41.160208923729364,41.151041467446916,41.159629361533405,41.147776147737694,41.151556201689395,Longhorn
58.984625614799356,58.992987633903084,58.98367837825758,58.984508190411916,58.98541543125028,58.99147836170105,58.98865104370617,58.97597809105755,58.99784046810375,Loraine
18.78220060926385,18.779501451116438,18.781328535856286,18.783590604083802,18.789311533674823,18.787640851580555,18.781603900755837,18.776834540382904,18.783651163282762,Loraine Windpark Phase III
147.02363777804246,146.96871624651763,147.0795348282762,147.04378065003198,147.08602807505025,147.0013914430306,147.04539931299286,147.06936730063143,147.04305640040658,Los Vientos
2.520429753075619,2.520286686275073,2.520539757171267,2.5200966332521424,2.5203861650687376,2.5209741582796243,2.5205743805567087,2.520416137981292,2.520302510846831,Lubbock Wind Ranch
43.383319123420875,43.379175232476264,43.37642784611899,43.377456021374684,43.379348572290745,43.37649587592484,43.38395197135412,43.382740354536615,43.37901186917513,Lutum
30.249233079737472,30.256031872338756,30.23741419679756,30.244510051832695,30.253480062584938,30.2454002632511,30.249787461888594,30.247361141924628,30.249826703895977,Magic Valley
19.26841460593384,19.272951441498286,19.273011362828775,19.27400315263469,19.27579308780941,19.2720739344276,19.269442870753654,19.272606750834377,19.269650093328924,Magnet Wind
39.03473663662155,39.02713325216272,39.037701156137,39.02806652028126,39.04267275520272,39.03092667419952,39.03653700693478,39.029902258751065,39.0401691062696,Majestic
30.78559283633924,30.79112489754992,30.791642487839194,30.784974786467767,30.792745028412657,30.797830542866397,30.781663022220748,30.7943912025787,30.791522500186925,Mariah Del Este
48.18120114996843,48.1777073450969,48.1792253894174,48.18887815266699,48.180317263061596,48.16783093368242,48.17779753833879,48.17656645027428,48.18373566560175,Mariah North Wind
34.72461511778876,34.7243331120299,34.72723861932387,34.719077077505425,34.72005692871368,34.72369544146904,34.72133636508199,34.72174369439072,34.72590357864275,Maryneal Windpower
51.24418660437205,51.2446466348568,51.25411329207372,51.25418441448725,51.25177693501416,51.2518370898665,51.251172352546114,51.24950686023922,51.25804373814251,Maverick Creek I
48.90782743864941,48.90580399846997,48.91289606398497,48.91876475881105,48.907617477069905,48.90695835647762,48.911658973026185,48.90566236473451,48.908185787738205,Maverick Creek II
28.599632493199188,28.595718191886903,28.593190127139863,28.603921539538433,28.603480411159993,28.597929880662956,28.602191057734778,28.602837640644918,28.59554256651525,McAdoo Wind Farm
43.374844120083075,43.38057080177782,43.368021508751426,43.37765375943572,43.37012506122433,43.37272278774669,43.37872806910099,43.38992705208136,43.378842694557115,Mesquite Creek
37.90760110522686,37.89118492911827,37.904650003777505,37.90130195775705,37.8957162313412,37.89673874837015,37.90104639744797,37.89805615325333,37.90724892775805,Mesteno Windpower
59.70245989346715,59.69831480024129,59.709109000069006,59.70362025026023,59.70828550307045,59.70395799828965,59.69522870783271,59.70999793766101,59.69001675018447,Miami Texas Wind
25.21277290954032,25.202536222290636,25.204521803394293,25.20460446179087,25.20541306123575,25.207587272724812,25.207258939064207,25.206336216181036,25.205980338999503,Midway Wind
35.522702925126396,35.51835070762346,35.5082272443346,35.51464214088131,35.52383762497745,35.51317188784057,35.51667810696247,35.51228635617053,35.51952965261025,Monte Alto 2 Wind
34.136062675537005,34.14642378893933,34.13613377330315,34.13128879474942,34.13114262542588,34.14035505895669,34.137068947272375,34.13430003960492,34.134200864187456,Monte Alto I
32.639366743050694,32.63519065815228,32.643172397476185,32.63031988655822,32.64122070866668,32.63339352226351,32.629231891806164,32.62905022267059,32.64344582735863,Monte Bueno
38.403156966992256,38.40661368927684,38.416702199979994,38.40253601669367,38.41863420092464,38.40636124650376,38.403666998716766,38.40366224174693,38.41143208777349,Monte Cristo 1 W
38.57424072815779,38.58232295996989,38.59783471021772,38.58960106893036,38.586865436969184,38.58461610413988,38.58583076114477,38.58430896477651,38.58477318772324,Monte Cristo 2 Wind
37.93445125271141,37.93628330169262,37.929107523213574,37.92178255069854,37.92952978305116,37.931310060411555,37.92711330512137,37.93273876234635,37.92575150002872,Montgomery Ranch Wind
5.754840938099327,5.754973131345877,5.755830965739785,5.755666345688346,5.753614262076572,5.754073592955614,5.755569234593951,5.7545251444217325,5.7556868848444855,Mozart
31.933490213569865,31.939011120260936,31.933590899936522,31.93561182199972,31.94088874797803,31.93899940101474,31.939249537072886,31.93239655813546,31.938177072361132,Northdraw Wind
34.69352819679815,34.69370333759023,34.688418801958434,34.69184257234732,34.68920815392949,34.700766497204434,34.69486801916784,34.69842902245785,34.699253597776874,Notrees
12.301491159369798,12.303659241206573,12.302499085860669,12.30076363101242,12.297866416987599,12.300397608354833,12.301066110261003,12.29999063981183,12.299714375679361,Ocotillo
12.642915913160982,12.638739974073658,12.641941279887138,12.640923258357686,12.643998913778546,12.637281373653073,12.64661702370174,12.64266857466898,12.642457723519657,Octotillo Wind Farm
30.020525386871483,30.022214874137777,30.026350233207587,30.030257547769427,30.026352010875865,30.025819365290964,30.02606389110018,30.028075192473533,30.02476154599408,Old Settler Wind
58.389530884621855,58.38690647754985,58.390862014795005,58.37941640701434,58.39129981381203,58.381937921157856,58.39775767460971,58.3873307877217,58.38615041921054,Oveja Wind
2.02533971112955,2.0245838462992065,2.0253440921587194,2.0255205042637865,2.02450034310244,2.0253895662958064,2.0250648050984754,2.025392923787469,2.0256295617737203,PYCO Soaring Wind Farm
21.33073760201694,21.324804822419846,21.325864361040868,21.327610743466217,21.32762887311657,21.327203906863815,21.32419990823367,21.327828932554073,21.32451184201512,Palmas Altas Wind
56.32713111324312,56.30439042240188,56.309715582314304,56.31379433265121,56.32960198474527,56.31912675588436,56.32781636056848,56.31625415959375,56.31861640453642,Palo Duro
109.59377895254568,109.5925822933071,109.58357166496141,109.60000014316299,109.56395791274197,109.56464501064865,109.5706272952836,109.59062658712686,109.62346778808306,Panhandle Wind
62.763791950013676,62.760480022903586,62.7543832415391,62.754331720515786,62.74849646839027,62.753865116055344,62.75728477475997,62.75586266828469,62.75127176813084,Panhandle Wind 3
2.510462649261423,2.510680405153572,2.5102169206482516,2.5107439436947745,2.5103862643977495,2.510270671192962,2.510698140213225,2.510384878104671,2.510146478174413,Pantex Plant Wind Project
98.74329094478341,98.75330575956376,98.74592313186116,98.76082740611018,98.74270011861995,98.76163897907645,98.75071919544641,98.77544891751246,98.76642967640797,Panther Creek
29.917347589300736,29.909784510630345,29.912430900945903,29.90585689729789,29.89961308915028,29.903260861531095,29.91208474922182,29.911054324711916,29.91132432504681,Panther Creek I Wind Farm
24.343202290108884,24.339804998972202,24.343418165006344,24.334721583748927,24.337058391037296,24.33574100953176,24.335241794971648,24.338721416597565,24.33970938949874,Panther Creek II Wind Farm
36.6312658147882,36.63453338655077,36.628755062623135,36.625510209583496,36.621940211184096,36.62599480418724,36.6284825724144,36.63366036193178,36.630617736537104,Panther Creek III Wind Farm
57.99454704997394,58.001529943392725,58.00274293015829,58.00219693445347,58.00489216422814,58.00250008764791,58.00687761903184,58.008222599203286,57.99186663303442,Papalote Creek
58.886714489060886,58.879527043572004,58.88025997678104,58.88034797722699,58.87791086993425,58.86871823386759,58.86892550176451,58.87806366807168,58.885515980274505,Pease River Wind
30.115218334550757,30.11660041163507,30.11610879769241,30.114858751200995,30.115915736812585,30.106098204069887,30.11700966047205,30.118216502982712,30.120445000610882,Penascal II
60.62397751380099,60.62070798272021,60.62246580818338,60.630379048588566,60.62589034140429,60.636035934474556,60.640970658282924,60.62333913592263,60.63648079557662,Penescal Wind Farm
23.168641404702814,23.16654499242094,23.168631135392257,23.17764031788637,23.164934076520296,23.171176059174158,23.162717508081457,23.169580922566144,23.168186703355595,Peyton Creek Wind
37.19411092554401,37.189252555158674,37.19974627698923,37.20917734099523,37.20447169803531,37.200676526199715,37.19657978330699,37.19623419173213,37.19481998469777,Peyton Creek Wind II
46.01913869036974,46.027928604523524,46.02379965049681,46.01869441712322,46.0179675470433,46.023117453471954,46.019463599643586,46.018987473008885,46.02605111277399,Pierce Wind
3.985424931416161,3.984588976955899,3.985489312906416,3.9853519446977126,3.985744859311741,3.984839827386702,3.985141517030444,3.985550266168077,3.9867930019111664,Pleasant Hill
49.04620703879464,49.065831674954126,49.040995435489684,49.05082711646606,49.049202350742455,49.05572520099963,49.051621176436555,49.033316793728524,49.0445825744837,Prairie Hill Wind
53.02666373144532,53.03535376034224,53.031535545072536,53.03056291382723,53.023623735071496,53.02482600426347,53.02886685006722,53.02134411654567,53.03445063866159,Priddy Wind
57.32141136318511,57.31788042144944,57.30872416228085,57.31657582110526,57.31779448941919,57.31123446185571,57.31334443814805,57.31810135707629,57.31830408899936,Pumpkin Farm Wind
47.89497917597438,47.894780952953916,47.90178760945465,47.897139000529556,47.89824192896556,47.91085666659669,47.901266187483174,47.90799872641409,47.89248157844779,Pyron (Roscoe III) Wind Farm
31.647431885789107,31.653744933350982,31.645224347562536,31.652025050070563,31.650742466471314,31.65238067380439,31.644889771174032,31.649469380296456,31.652240998879925,RTS 2 Wind
1.9403356374029659,1.9405134979962677,1.9401901359881621,1.9397579799831501,1.9406067484592977,1.9404770591094214,1.9400684471628773,1.940569757521044,1.9397385575558053,Ralls Wind Farm
52.94492243649897,52.933477408697144,52.9442702384914,52.94968122019604,52.932179593377505,52.93100898452767,52.957336263952556,52.950295019071866,52.95300300012726,Ranchero Wind
40.2447179914194,40.252181854018374,40.247710894966346,40.24437331131175,40.253536908277994,40.2527470960766,40.25364480848777,40.246435336009384,40.24163163151804,Rattlesnake
16.859423110520403,16.86454185520419,16.858901963036537,16.858734310425145,16.8568162680187,16.859514637484402,16.861966529198483,16.858559598080248,16.859921964023666,Red Canyon Wind Farm
39.616848543416936,39.611328168727546,39.6076016211996,39.609620212339394,39.60919269956737,39.61485968279123,39.6182688137913,39.605019875152244,39.60793784371617,Red Mud Creek
36.91957864711662,36.915992986264236,36.90529677618734,36.921062106852155,36.90523557775954,36.926455519529085,36.915393097990446,36.9133845446863,36.91961207571921,Reloj Del Sol Wind
35.77402432870355,35.777671555903794,35.77698326689441,35.78424049720399,35.78458465657409,35.77756691972197,35.78115250432171,35.784069264529194,35.77646459426389,Roadrunner Crossing Wind 1
5.108524265093009,5.106961525755178,5.107958145271131,5.108572411417054,5.107780996769057,5.108212572514377,5.1080831306457295,5.10826239722882,5.10831874113419,Rocksprings
39.04346302896309,39.044832804023805,39.03914050971012,39.037985812247996,39.05144545705331,39.04373269673315,39.03966233271673,39.05110224031993,39.048150437973135,Roscoe Wind Farm
34.020480009786745,34.02441871108072,34.01793991475774,34.02498602551506,34.016947135919956,34.0160767525777,34.020665214698695,34.024608263869574,34.013284515380704,Route 66
5.9322418441481,5.931717008016435,5.933147440687513,5.931647858639527,5.932444158660308,5.932513661038595,5.931638534651426,5.931213427543276,5.9314203414811475,S_Hills Wind
68.95576240678801,68.98153629091559,68.95376025905028,68.9586050966376,68.93913690886,68.9573027785101,68.95287978125677,68.94936488754382,68.97187432492608,Sage Draw Wind
36.6342301661952,36.63973834082973,36.64195390206355,36.63458778248757,36.6438934917168,36.6369360791492,36.6383131643838,36.63022869875519,36.62448749787139,Salt Fork
13.659616515958021,13.659244820263009,13.660154069960257,13.66030683975363,13.65824063226902,13.660450841462458,13.659290250982469,13.658215677732231,13.655934498414679,San Roman
1.4770023768710392,1.4772409918848917,1.477545344722266,1.4773835061469143,1.477288857389841,1.4773006692074653,1.4775571957814393,1.4774072304222645,1.4772472320351304,Sand Bluff Repower
18.85146953223355,18.854872521772275,18.847879555694508,18.850394090834794,18.848485301427868,18.849952427277614,18.84580353771055,18.852132274429696,18.849773704351236,Sand Bluff Wind Farm
27.495032505980333,27.50012755727974,27.490976322217872,27.494393622475105,27.49452089526885,27.497227869213546,27.496720121814597,27.502094498488958,27.495438459763037,Senate
14.548218784313455,14.550677270421353,14.549159787585445,14.549825326014467,14.552521028862582,14.550396453630231,14.548072793016102,14.55248191935022,14.550693220621,Sendero
33.120101066155776,33.129740281645596,33.11657451161314,33.12559135151453,33.12240996985761,33.12792466660528,33.12571989127247,33.119877638613254,33.128980615541785,Shaffer
35.213283592840554,35.21281386886966,35.206947250344314,35.218458676733036,35.211076012926625,35.20152087261376,35.20925911752336,35.21939561301327,35.21224873363685,Shamrock Wind
35.290419080127194,35.27877883187914,35.289484381786956,35.29153346363489,35.287942720232316,35.289129383825504,35.28784268099066,35.28760275540523,35.28757688257577,Shamrock Wind II
23.744666019456993,23.746881103929677,23.743697998736376,23.750490153596896,23.743448811735153,23.75102236309738,23.748623531856847,23.74280985275793,23.75132581957673,Shanghai Wind
37.43057916730258,37.43307711026722,37.431254111939786,37.425396528399986,37.433851752163825,37.42219601275652,37.43577286554579,37.428565140279815,37.43567852170527,Shannon
64.5819875888345,64.58063366865645,64.56383438816626,64.56466211632143,64.5725381485048,64.5511663035997,64.56749312003271,64.58080076774108,64.57181800255677,Sherbino
10.438866935537572,10.439126523037235,10.435936521739544,10.434541842716799,10.436484196469943,10.436522394824664,10.43553581440764,10.43631146232316,10.438014442849123,Silver Star Wind Farm
12.428921328834816,12.430765374576247,12.428141441247805,12.427162525350932,12.426135508034237,12.428736903272172,12.428573003420915,12.426758269412124,12.427763396649649,Snyder Wind Project
20.67384096573114,20.67899291120612,20.670709253487153,20.676518877159655,20.670182832524272,20.674128706019193,20.67588799841817,20.678383501063987,20.67535602989588,South Trent Mesa Wind Farm
14.99526033014682,14.994699511247452,14.993953161971179,14.996610126842027,14.993138210892614,14.995254916302908,14.989920599802229,14.994556427270702,14.99278553064805,Southwest Mesa Wind Farm
118.54356047559904,118.5151352742834,118.53190679097878,118.5433184244034,118.53120897352316,118.53304601649046,118.54042685098752,118.55974466838526,118.5593369635456,Spinning Spur
23.912213578923364,23.91165562230198,23.912498679641487,23.911314553967575,23.909239002835392,23.907647092341413,23.907576085171517,23.909787679073958,23.9113423057966,Stanton Energy Center Wind Farm
29.98509464984425,29.98060048380707,29.985271880715572,29.984696221066162,29.97960617786804,29.98481585639818,29.984315930575182,29.980309610976942,29.98802083164694,Stella 2 Wind
75.94282763767185,75.97999366497812,75.95379927791491,75.97121459820941,75.96230101817173,75.94814688410688,75.92725175571492,75.94377429335968,75.96216927854584,Stephens Ranch
10.419975300683003,10.42253830135338,10.420333887050221,10.421549333289443,10.420581672634745,10.421852135320519,10.420292949492637,10.422674160942789,10.42178380057725,Sunray Wind Farm
114.79080052073851,114.77302109225792,114.78739727287645,114.82370346881913,114.77369443777698,114.80626130010938,114.8122445674012,114.8029072573902,114.7824436113807,Sweetwater
0.5726409673875648,0.5726741738530781,0.5727670398763333,0.5726190987371977,0.5726984910710318,0.5727057585376096,0.5726706142540221,0.5726661613733928,0.5726407823063621,Sweetwater 1 repower
1.4036817183111396,1.4035347221913137,1.4034630024673518,1.4034292540765017,1.4034351345560612,1.403658783526481,1.4036434500454025,1.4033545872136854,1.4037302086969037,Sweetwater 2 repower
52.735049040179746,52.7371603237726,52.73525613781539,52.737737565654314,52.738503919540435,52.72938498975334,52.741138069682286,52.73484102943284,52.72382744695269,TG East Wind
43.542245632611056,43.53191886848377,43.54332897548695,43.53621805382312,43.535941274305166,43.530059060944275,43.54087097128223,43.53264475662247,43.5422782144509,Tecovas 1 W
43.75098397174785,43.74926486434383,43.740252676291604,43.749987025667586,43.7473055926928,43.74395465637312,43.749186992882926,43.745478190259405,43.75625993357965,Tecovas 2 W
103.14540516288925,103.13654417810766,103.14151531121756,103.14222817871355,103.15142595675137,103.13019632424235,103.15598273406589,103.1526911603285,103.14401458892138,Tehuacana Wind
42.6586559269463,42.65946541615723,42.65232583496814,42.64794803256054,42.65733542150821,42.65746543032177,42.65369653324839,42.65211401887406,42.65285211769885,Tierra Blanca W
56.02813293194523,56.00028144314108,56.01711074133185,56.01041898149477,56.01207234629524,55.99962043585804,56.0073953948243,56.02160770688954,56.01129911332906,Tiger Wind
53.01413226728342,53.036230736191605,53.028183819385184,53.027539241802714,53.029995553876894,53.026350021719175,53.028757182774896,53.01828175121307,53.01464755805329,Torrecillas Wind
28.273240069020456,28.27288889291741,28.270025942958153,28.27142203379951,28.268107711898207,28.26618930341588,28.27175015739712,28.27334143868721,28.267997044732848,Trent Mesa Wind Farm
1.2263928266364013,1.2262893588949002,1.2264470967429386,1.2262600515531732,1.2264532655401434,1.2262800519366397,1.2265240837506566,1.2265497757777404,1.2264565529648348,Trent repower
41.645318207462914,41.651630371924874,41.6523418502709,41.651213175722795,41.64354164034144,41.643267894907936,41.636006563585525,41.65361345813104,41.64576847985949,Trinity Hills
32.272955244710055,32.2761482015013,32.27557938780505,32.273192122541715,32.27333365596275,32.271954034981704,32.270578624408515,32.27600318257025,32.27646982341469,Turkey Track Wind Farm
22.1340628916293,22.128271164692865,22.12751077370868,22.12784848193682,22.130459601816124,22.130720499885797,22.128790725899474,22.131022118130158,22.125537554059278,Tyler Bluff
72.46187161112914,72.45194481215671,72.43636419421922,72.4509751707448,72.44320182901947,72.43248530150515,72.42665397593908,72.45352230523068,72.44859398507614,Vaquero 1 Wind
36.62214872426801,36.62823561368514,36.62264444260314,36.64012278774565,36.62429630156442,36.634187512074,36.63136022653857,36.63692999467072,36.63348003152933,Vaquero 2 Wind
46.48430606747404,46.47032880542884,46.48255154371142,46.48442764615104,46.48587639462425,46.48568467249132,46.48073188348504,46.47786591995561,46.485145534978564,Vera Wind
48.10616803077612,48.10519496607481,48.10738361650452,48.11013935759865,48.1070122750485,48.110763892385286,48.10471494162204,48.11210942685332,48.09868059115174,WKN Amadeus Wind
50.78211648349901,50.76376173052517,50.766763262059165,50.78087994194261,50.76955267328128,50.77619537029484,50.770352072838335,50.76452120795147,50.776300260224666,Wake
26.908696307758333,26.911123331571545,26.91893908881231,26.91769186746962,26.91073614395652,26.91631428194904,26.91105588342509,26.90637190389869,26.910243737971417,Water Valley Wind Energy
2.4689094636451356,2.4690435397208788,2.468494706936875,2.4686072690771077,2.468394416632169,2.4685755981584214,2.4683636442255237,2.468686091292554,2.4688969288389404,Wege Wind Farm
36.262131608820276,36.26514053273486,36.258892130268606,36.264470785680665,36.26010664736483,36.25384598818219,36.25798673390462,36.260119914821395,36.257465888404,West Raymond Wind
6.599161994425289,6.599423853064391,6.600574617975151,6.59839606348519,6.598621913215593,6.598669039272237,6.600617699840509,6.597873391140875,6.599243308279986,West Texas Windplant
12.17205755459032,12.172782591723056,12.171006728577217,12.169942572618513,12.173657147131443,12.175137958746255,12.171008677489574,12.172457432634168,12.17129811535505,Whirlwind Wind Farm
87.7507231774616,87.73454522493002,87.74539615672047,87.75840972474701,87.75491716819968,87.77549057171032,87.75373441156434,87.7554959451385,87.75398224192026,White Mesa Wind
17.324143737651106,17.320994590863414,17.319601202792242,17.32095867510246,17.32163728633386,17.323950157648543,17.322302917011516,17.32010119322814,17.32318517638617,White Tail
82.56577242119866,82.57016343189493,82.56081808637893,82.57629784234537,82.58029938966972,82.57138692086521,82.56365629010305,82.53959441992752,82.57573437804288,Whitehorse Wind
33.919135081356565,33.91722349122426,33.91430691813718,33.908329429699556,33.89997308441302,33.90780753690004,33.90883605579259,33.91518186870836,33.90424766843103,Wildorado Wind Farm
62.13517967458674,62.13248143337735,62.116874964085746,62.1239207062317,62.12350452752251,62.1395130497067,62.13385947196115,62.12515652231787,62.13729702184545,Wildrose Wind
48.5289409005073,48.51671444819584,48.51589899535975,48.53293957819661,48.528904928620506,48.52821741125708,48.5290069519258,48.52076195797363,48.52694947714765,Willow Springs Wind Farm
37.11327536058719,37.11595162964842,37.10488855997308,37.11400265431425,37.11199896386833,37.110719543311276,37.10667282691452,37.10951828468352,37.11326389056822,Wilson Ranch
6.830663838215689,6.83322472580357,6.832200880604979,6.834045637702131,6.83131666344157,6.832020057558127,6.833489128373494,6.832365619796029,6.8313821303708915,Wind Power Partners '94 Wind Farm
12.555619243322758,12.553168955507648,12.554203145312583,12.552260666512039,12.554655758255855,12.551864966280338,12.553491235255871,12.556664278614116,12.552518723374225,Windthorst-2
19.579641416910775,19.574862007740563,19.576663687029733,19.57712785887926,19.57640563415018,19.579973524365897,19.575156371286443,19.578528154058098,19.58071916566465,Wolf Ridge Wind Farm
40.913111367813386,40.90693939787787,40.917236676248905,40.91231773349917,40.91974471110441,40.90759183557873,40.912843801883376,40.908773487371306,40.91864050881711,Woodward Mountain I & II Wind Farm
