0.6,0.65,0.7,0.75,0.8,0.85,0.9,0.95,0.99,date
10754.96377680665,10799.542764973417,10795.68863777727,10736.450165759059,10704.667640335843,10771.916925455558,10768.890374900167,10704.036719840606,10683.222286029833,2020-01-01
14561.602363229526,14463.439966888453,14520.862370587069,14562.968365427847,14573.184874300283,14555.45382728566,14524.118514869257,14521.874030307194,14501.880635186348,2020-01-02
7341.824952146906,7387.835930047958,7476.506744324749,7349.5433954535865,7428.416576141476,7458.489539650631,7384.169248092588,7474.164840121024,7489.997115754579,2020-01-03
12235.506134958536,12187.594872257414,12269.492991173352,12245.915267616208,12215.888417784907,12271.059353495119,12242.369386891025,12203.765583187747,12182.264911511724,2020-01-04
7350.275266630789,7390.0255527576255,7418.515360009202,7387.311125409942,7372.332282736554,7388.42317467426,7385.666484851967,7424.255998472339,7425.563772121203,2020-01-05
7838.128582331097,7821.277234545737,7919.798184068988,7846.300844203862,7858.01126701636,7921.254478591504,7892.173990023939,7926.373902198439,7936.232301125393,2020-01-06
8702.384211300518,8675.297394332943,8689.54500931838,8664.337092099258,8707.3818098871,8726.099152738947,8764.930750723779,8826.805601355642,8800.037663195237,2020-01-07
8878.86731045499,8858.05710606004,8904.30933732099,8928.635596111186,8948.666559547104,8916.91713400939,9015.4408279316,8914.117855146156,8924.365418541915,2020-01-08
9664.892080585329,9635.94468940466,9674.013472195002,9573.365928226103,9630.000466046036,9601.970585499332,9542.195166251067,9664.25254315508,9676.028509815656,2020-01-09
7970.973668025915,8016.790536043388,8082.599268032966,8023.997703255396,8035.252572707685,8004.129490443358,8068.209022555418,8113.402113059642,8117.705434406186,2020-01-10
22967.824982696475,23056.145721028446,22812.253137098778,22889.39685374658,22729.59561115551,22678.420562062598,22485.45356355809,22625.483713104848,22474.85054001612,2020-01-11
12780.474446232764,12878.405716244013,12875.202661938902,12863.601188089353,12845.851509888378,12854.94107530898,12912.125723168136,12885.814170814614,12789.189095696143,2020-01-12
16170.382861073667,16271.537679001387,16345.881596251405,16324.71745919765,16181.313596483731,16222.197702580603,16231.59375976591,16210.658075464438,16189.363134474235,2020-01-13
9733.549786077283,9896.40967361957,9856.58085259005,9833.367617435302,9831.74376516518,9822.876467346636,9805.13236030361,9856.80848517914,9856.742629687518,2020-01-14
22051.404284911645,21879.701517597972,21736.113943768658,21794.104906472046,21693.268596843984,21590.818826840343,21652.295957896185,21617.36765859856,21556.422075361683,2020-01-15
12719.102038148792,12834.04698247625,12690.245917592767,12701.31414820642,12718.687984903829,12769.65396205911,12707.694868471022,12716.009459896552,12693.641329401102,2020-01-16
9180.342732592315,9171.927365683572,9230.32935336963,9218.143471710582,9281.810548452182,9269.297682479568,9318.428799505049,9267.712081548108,9311.237128362947,2020-01-17
7800.74491608496,7885.691572095398,7923.8257940609965,7878.313286631382,8031.204628544649,8009.106100571211,7980.293451954125,8017.223617945636,8005.626554202964,2020-01-18
15697.82186280262,15706.82280256665,15592.15895237899,15608.351899901942,15504.642978530823,15618.328274288539,15546.28753706953,15566.239371625894,15538.388996570788,2020-01-19
9591.664714210681,9712.335041729286,9678.65458359302,9645.633123666394,9702.956604824805,9656.323267400685,9716.494954179958,9752.182136950962,9802.736861071677,2020-01-20
13466.981507574908,13588.893509541509,13486.173570845083,13492.367772673575,13589.974915622528,13578.075651878624,13578.915752618626,13579.681963875102,13568.390553020838,2020-01-21
12321.619927328968,12381.80828907067,12247.292560534535,12268.835027562849,12338.301506528993,12279.089422063114,12221.26836631408,12235.8239834633,12303.927757076233,2020-01-22
12054.78417900745,12135.94319146035,12071.915499446362,12081.42174523351,11933.104583223148,12013.98342075504,11988.881790023403,12091.83221406398,12078.150519796412,2020-01-23
10287.817608725314,10356.895266345835,10239.986076931804,10235.481431479753,10160.678592636888,10098.384578045248,10163.448707555759,10171.569414751959,10127.900386767196,2020-01-24
9350.815936165325,9413.423330992184,9376.17189138343,9344.099845103194,9347.551111234028,9325.983919457887,9401.406728279691,9423.886164404204,9366.124037843552,2020-01-25
7492.205962058185,7495.179738373148,7521.045006692033,7420.92427721149,7493.126445063836,7460.586560604665,7487.182116566779,7514.79299848409,7482.425925156026,2020-01-26
7864.897809080559,7869.1691108105,7930.29903499815,7941.159405809996,7949.927651998677,7940.037366316981,7925.730266960237,7965.121953350473,7985.8647117909195,2020-01-27
19622.25134726939,19621.16625621391,19650.175014479963,19659.694106260526,19608.179491677303,19657.16670714796,19721.507193836027,19543.35736339127,19730.30633515788,2020-01-28
12760.460724390843,12822.32455680612,12712.82152668328,12821.009400916997,12683.17396889088,12772.180518939344,12780.2007314378,12833.25844235163,12812.943166001582,2020-01-29
17177.59753760576,17178.040424074814,17100.14195491423,17190.373669774544,17154.79503235974,17127.896437253457,17089.6071241761,17092.109227182882,17073.46402201273,2020-01-30
17002.349293653013,16942.531276242986,16901.174278914372,16880.23538142517,16929.05293768912,16862.91706877143,16882.49683479016,16797.13086197855,16857.858584657533,2020-01-31
16589.019802654668,16611.03930639315,16350.583064910237,16540.21811506701,16340.808368903408,16332.92692432739,16368.038170724203,16368.422241473916,16239.039863280192,2020-02-01
17178.834679740976,17307.25541942694,17391.016693890386,17251.650091360272,17170.782894921562,17254.280003078024,17262.27048689013,17199.13400755877,17229.5012540298,2020-02-02
14647.049142048467,14671.645062412108,14599.865755855242,14480.555447769211,14555.171777852875,14507.671451572582,14492.610451019382,14418.524699769672,14394.339177810512,2020-02-03
8382.317155119983,8530.045384587711,8434.51715380197,8444.217815122272,8468.089020797886,8452.672355800276,8531.326286215455,8562.547518967813,8503.272942802296,2020-02-04
10262.504288257061,10299.683768279314,10227.934055053605,10181.511833111146,10246.756682050733,10299.673251359349,10260.863708295514,10193.855567520728,10200.14567761618,2020-02-05
9725.928863712474,9674.959796661917,9780.531036551713,9758.354217882481,9700.980262572815,9764.826857072705,9838.397517462796,9776.344428628056,9786.942824259784,2020-02-06
9437.412345323808,9654.856071897724,9539.552032102802,9508.65806132324,9468.855194367787,9534.456038310394,9590.491609018785,9610.603715334038,9582.923261292093,2020-02-07
8258.007736199675,8392.351088478908,8376.823078479898,8201.85879172568,8278.111902082477,8296.641486419277,8339.977232496456,8335.753886928776,8353.35774699319,2020-02-08
7754.921802083615,7862.435518991505,7805.706136177759,7788.847966617471,7766.893363712542,7803.146455711801,7785.136068773418,7808.864299904771,7793.86185883815,2020-02-09
9796.977584030468,10085.05040504061,10017.773458164618,9972.188259670014,10001.768803275325,10109.12066241683,10038.916884047985,10063.64148640158,10066.13418020886,2020-02-10
14062.039543753786,14237.179808349862,14159.261108375224,14048.404830209982,14005.754864037697,14034.101360057259,14015.512112836435,14088.690151688073,14014.163422234036,2020-02-11
16268.49545171988,16185.870594611773,16201.40169213738,16020.549007213935,15966.738335792628,15963.273044762116,15924.34074181882,15878.584701842263,15907.211806710791,2020-02-12
7014.90381642071,6997.249826188905,7027.5761223162535,6918.610595885374,6974.299960279683,6984.158580205652,6992.0620315414,6977.820318858027,6991.671817642905,2020-02-13
40924.62013364728,40631.86963326828,40191.24168185989,40249.4352597533,40086.58388032215,39846.19456096331,39831.40146756795,39716.89145932496,39731.915056303995,2020-02-14
25928.35395549203,25742.13844130478,25670.570930993686,25397.7193866737,25316.817241966222,25227.412610826195,25181.666431847854,25038.249260884964,24925.91918828437,2020-02-15
44089.212953504066,43824.172575582124,43672.08883872851,43419.37134146136,43167.58043708308,43184.77801928345,43130.17841331893,42946.14986635871,42915.18684654944,2020-02-16
9147.37726018656,9115.027192651365,9107.829769364169,9022.717544819334,8964.379848294002,8971.485929256974,8919.64237793502,8931.105515222487,8930.297440119877,2020-02-17
9253.284638438901,9368.887529625948,9260.838323697864,9238.790724440367,9189.457294805896,9222.059092104008,9252.331508110552,9193.974563647604,9231.584666182029,2020-02-18
5480.711757448931,5509.054726162554,5453.033571468934,5468.888520975225,5442.181279272964,5513.808409255685,5559.974837018827,5604.40269263421,5606.571803873013,2020-02-19
5494.962938285491,5598.055188408273,5543.473571764381,5546.698429877878,5586.566990530938,5588.0262945316035,5621.756465649921,5671.227324413237,5643.961476848021,2020-02-20
6113.571891084938,6136.626244354119,6153.703491526238,6080.870002122958,6107.149073725525,6197.284203599331,6159.341221029988,6211.561510013774,6231.209362639321,2020-02-21
4855.369116679333,4879.819373667022,4851.385340023088,4896.352007388275,4887.508782613642,4948.878297684937,4988.649710163854,5043.467016742863,5036.410749995593,2020-02-22
24303.780969448864,24162.245663653197,24055.853981320637,24148.040027182928,24094.87404055893,24023.28348296347,23873.076605073886,23929.911609049985,23929.24930633563,2020-02-23
24572.470638986277,24464.421973277284,24398.479628686753,24311.841847154,24282.083141500512,24244.81836776976,24205.55117025218,24122.48778494624,24205.99633279017,2020-02-24
30545.90459209079,30602.251107627995,30489.52911211294,30302.9611559456,30220.099101151103,30270.229718663955,30239.408777526918,30137.05964833871,30085.68287742691,2020-02-25
13607.460564759824,13598.924035042555,13481.310726683863,13482.306982064058,13466.773186170652,13491.949095589169,13476.699294785543,13481.469668501302,13457.424959952334,2020-02-26
6421.197782562362,6451.9390101010995,6344.412582278613,6324.47716898825,6322.0650937161545,6403.504703918875,6405.370484734938,6443.6172029124655,6497.653915823851,2020-02-27
38128.13992771657,37937.63722360607,37897.78633305531,37861.195369943904,37792.520459607804,37786.16641078623,37713.47939056531,37650.68975005193,37605.53896903109,2020-02-28
9334.047210115472,9338.58901184534,9214.122347459243,9167.845327142793,9209.988377799522,9239.229231629623,9227.843377200337,9261.293274986941,9210.758117194628,2020-02-29
23428.24243263546,23345.857624395103,23288.073720806733,23289.112276126918,23211.568570269137,23203.22757361093,23212.44224634607,23053.611057706552,23077.007823201537,2020-03-01
24518.387218752232,24544.638727871417,24387.234153078352,24362.810104249413,24273.470979646983,24262.91859967205,24255.118587694793,24169.17151479562,24154.461171442297,2020-03-02
29914.890288423056,29897.503447158153,29718.497015067132,29692.204685179662,29595.844056954425,29615.40286826314,29551.668567532583,29444.654411890897,29337.93514393404,2020-03-03
12837.138648175724,12911.147608307365,12791.918927669887,12765.868995385938,12809.720678914746,12729.148653387814,12808.603895705315,12759.051128047442,12778.598801149446,2020-03-04
5830.25317044357,5793.245105067955,5696.345776596893,5722.051643107478,5718.953196246391,5759.484832467145,5800.745133168387,5813.401447651492,5827.755225885097,2020-03-05
38043.5202231028,38065.80566456879,37865.72145027271,37910.08107291812,37721.6292327107,37685.69373443741,37603.5484982567,37607.85858939036,37587.0421415711,2020-03-06
8882.156383542746,8854.848270624349,8671.539330884481,8790.617921849149,8715.688805836688,8814.112450309143,8736.601378298219,8763.43708833338,8797.728288818018,2020-03-07
9461.118784469116,9437.456624698181,9270.686923293162,9316.053835371922,9248.913527496783,9284.18053025523,9328.19707618451,9306.452505882964,9311.75199857574,2020-03-08
31346.017645169708,31366.584954324673,31074.197960222235,31176.488567169876,30927.00631302155,30981.615605738894,30809.79376420094,30804.688945185822,30765.14136783413,2020-03-09
44285.50465430988,44268.16493880083,44039.903421474526,44162.5284650909,43925.764406551716,43998.28922016719,43737.81435784272,43772.46884849693,43799.77609703909,2020-03-10
8230.32919832518,8275.656665064218,8225.44712156963,8190.038794507854,8187.77569284942,8220.970063515504,8262.123027260508,8264.880877736443,8243.126592957564,2020-03-11
48673.203474317015,48644.85895452554,48327.149915319445,48352.97262721237,48354.67277180355,48064.79486061427,48209.14121475524,48170.75302361023,48110.16450585836,2020-03-12
27584.209645499894,27583.095832427127,27383.88572150733,27381.200800289305,27253.762495208186,27145.31584931273,27110.022571372545,27090.63258392042,26998.734001531673,2020-03-13
40762.28648967573,40822.361391681516,40575.30348940219,40396.18648707394,40425.352685774225,40415.73380598698,40247.268189594164,40183.009122902295,40119.40534999212,2020-03-14
29230.942683166497,29228.18858584074,28970.704727177694,28934.982742354758,28946.77703248885,28975.5321688372,28772.374014831435,28793.703299704346,28759.231295917707,2020-03-15
7328.880452262924,7316.913518873343,7230.254476235358,7324.004412564709,7288.637246814443,7379.911879606452,7331.2362429330215,7371.3377122477605,7378.124524034565,2020-03-16
24159.13392075752,24077.535333328928,23985.70541918155,24107.802611590065,24039.34328105915,23986.662411091926,23958.138738762354,24045.922774501883,23981.78961612752,2020-03-17
11880.660568241898,11904.008851069098,11786.40687109284,11841.40541740997,11870.837949110615,11887.81210440751,11840.309372130969,11894.132291316851,11895.637459248313,2020-03-18
16072.214766175255,16106.703405464566,15891.8813064657,15955.42677594065,15929.486534797334,15885.34942170888,15900.358484453047,15884.53567091691,15936.950963562858,2020-03-19
32866.8036383911,32866.814045938285,32785.78887270985,32624.01381416848,32488.761097751976,32544.91429764959,32327.591076976885,32283.81121137895,32172.776280504175,2020-03-20
30648.886338135726,30651.120858727583,30594.049051901446,30430.861025502043,30457.477827055405,30502.892543179023,30412.799005737183,30286.3231097411,30243.66939431748,2020-03-21
25606.96758269391,25576.151242922486,25375.165697903813,25370.74978554287,25346.292935598143,25348.154161643477,25304.52885455486,25188.9994676657,25069.623917672987,2020-03-22
29181.215271035155,29232.093352925647,29044.26458405032,28961.332088575757,28919.476670482134,28933.361217306745,28825.189658589286,28751.9339854997,28782.872572999848,2020-03-23
17809.846895842846,17801.24693451443,17771.639863215634,17750.306800812057,17695.10153067391,17722.45126343537,17753.18260508104,17689.43344341867,17703.40586852816,2020-03-24
9491.660815369036,9474.171864207248,9461.599382382574,9479.300461571136,9507.632529142793,9484.40804835393,9554.884114253902,9621.918638927735,9577.943241239785,2020-03-25
9538.924908518793,9479.430085676428,9446.269923206919,9492.745041828208,9493.144456223,9470.08583796586,9520.288927115838,9552.714768631124,9540.040218676546,2020-03-26
14972.623836638099,15068.192241187267,14916.040175365428,14925.051663519918,14950.671552655002,14906.43328523034,14869.748566338558,14942.44060312756,14952.462645443342,2020-03-27
30734.90474238471,30703.429304396068,30783.398801333075,30653.949224441352,30766.869019114478,30646.810163651036,30553.513391156244,30411.207049727538,30468.363045421756,2020-03-28
10962.162367172796,10930.818899233345,10881.866939362411,10874.925293933105,10875.085763859135,10891.96905850474,10857.962609343882,10907.182143080721,10863.994943870512,2020-03-29
38682.47100016868,38775.00521777364,38600.90230927278,38340.81704362796,38462.58268365131,38467.9350193333,38249.86578805029,38184.48902029706,38122.56217770562,2020-03-30
28372.926848790037,28336.009670883883,28274.18197917125,28240.37304612577,28165.481889630602,28179.530705628753,28074.619672689438,28048.08376270001,28020.673959202068,2020-03-31
61882.947261435394,61936.17756921905,61884.774940183386,61763.91972628671,61660.30220343924,61694.846833061936,61615.11874392286,61508.75575604874,61293.47276123876,2020-04-01
28564.151323232156,28534.74708607129,28465.60828030231,28330.385644805818,28340.92693457015,28231.4404294129,28236.847087311075,28070.158685538765,28027.09932194054,2020-04-02
35239.84522857654,35235.47738012163,35010.02887571383,34935.767115740455,34798.32395038423,34832.65558657948,34711.80361352873,34605.83078680323,34625.350159377536,2020-04-03
23318.30609207675,23408.252727251038,23327.28863186955,23195.237796467052,23159.301026660214,23186.335603965566,23100.96763875709,23058.014932637685,22994.79727734803,2020-04-04
6958.869555483523,6914.739720143801,6928.378262571292,6950.645971686153,6962.488756654814,7018.0587941525455,7110.783575950144,7062.50060405412,7120.32585863698,2020-04-05
18692.28754790909,18728.05771331235,18580.691221558336,18554.2677858465,18643.06119820715,18519.67196770161,18539.635231096032,18549.61468489902,18450.624968903794,2020-04-06
32050.291959711427,32041.26048410327,31919.86724362415,31805.569826315827,31716.767101919268,31750.98849169902,31606.37971646387,31560.17441731604,31498.834845823363,2020-04-07
47367.19845084083,47395.14331575444,47175.55277626732,47029.74539588279,47050.96447565598,46857.8510908971,46610.28663856231,46448.16068199126,46404.64665090992,2020-04-08
6552.353607344397,6545.549273719544,6506.099775084235,6485.351626153167,6531.023927478666,6493.460834196862,6549.3325501447025,6495.07663091327,6523.03088840304,2020-04-09
7537.702671640066,7522.5836411222135,7475.4607183299495,7454.666771944717,7520.9996055863785,7508.051357900656,7527.060060980731,7534.640236035846,7532.140762184788,2020-04-10
6388.034193209152,6385.280710763379,6457.844109791307,6424.388611605892,6476.106485632981,6488.733047099661,6526.147480450168,6570.764158748118,6648.453352948187,2020-04-11
16737.324125640465,16847.457695474513,16633.472664744102,16640.195803916522,16610.406875078526,16573.857877306327,16558.318319290356,16610.049535036873,16554.242425941182,2020-04-12
27074.8427225539,27185.16820807249,26897.570619316877,26772.702354935125,26771.797208457825,26669.11049925745,26604.867438649897,26494.885899063735,26426.231218824792,2020-04-13
21112.377875290113,21051.648530631162,20949.143963201914,20894.34599094061,20692.53400316033,20763.099487231688,20709.94234603115,20623.234559863107,20694.648957469435,2020-04-14
3561.172307254435,3568.605976709487,3556.203492898246,3602.2534712643615,3606.303506346828,3688.927569915841,3688.5563072712607,3721.312803890596,3747.7768862600255,2020-04-15
4250.32667862231,4215.968836802428,4283.255330590381,4280.509985166855,4294.221959407162,4272.53979022317,4376.225427826449,4340.6837275250555,4394.3795039313145,2020-04-16
45935.6986248101,45604.47527458554,45549.119898817116,45374.39070373679,45242.23106510535,45341.99269562755,45230.37962264791,45150.705473524096,44988.13775205822,2020-04-17
16573.708209682383,16523.497691251665,16511.98943608498,16478.65617795575,16429.637387965773,16358.784345113238,16453.900208988696,16374.504195199474,16447.783129472147,2020-04-18
18088.766212640036,18018.15434111663,18009.57707739027,18002.40832835706,17905.576615640228,17911.003283462713,17929.429275937666,17934.804338025762,17923.975248385133,2020-04-19
11572.150668182385,11661.067543029278,11662.313733809862,11676.2649109024,11696.71133748213,11742.39228006957,11809.643702657471,11835.19602180253,11850.19036947181,2020-04-20
4586.558876106601,4650.971569270576,4724.565956022944,4693.019578808574,4759.446050520452,4753.570730683557,4832.005471522372,4862.939451835663,4927.957755390319,2020-04-21
4776.719025614444,4894.573746777326,4958.381066003661,4956.619425628982,5030.603270620801,4948.5372520357405,5002.569048175523,5092.478618489516,5136.935045235221,2020-04-22
3832.4912691367927,3995.753699328424,4046.872800498073,4031.353919156451,4032.848979542986,4076.3534030848423,4162.880656426631,4178.904249124693,4163.1041924039355,2020-04-23
18982.305997346743,18978.59701930991,18866.483949003967,18827.85376138021,18747.351012105493,18761.151563564636,18841.527472900783,18681.537739908792,18674.432164960766,2020-04-24
10899.95016562597,10803.789839243856,10720.342486141531,10781.00713089121,10717.223186191932,10729.691402497932,10711.090693253993,10668.220196242934,10738.093432589958,2020-04-25
22699.3776556299,22689.37674624055,22458.681302988647,22551.20835537508,22446.700861375884,22258.318111324257,22133.972732793616,22084.568324951862,22071.350129940885,2020-04-26
4875.95505105624,4944.641916893621,4929.4339033811175,4923.594241045853,4956.063309141177,4971.272143019958,5018.135151993738,5046.830750353566,5078.208161250685,2020-04-27
10201.687638741007,10184.278773200494,10112.518865004493,10117.818145812398,10126.13916236751,10069.505346441534,10076.973201954474,10017.143288105619,10093.98956018325,2020-04-28
19343.12867334301,19170.484032561282,18981.696720896834,18963.20614980243,18870.389298645674,18880.063131217674,18849.367795055976,18751.894524889172,18694.36595049073,2020-04-29
25564.552266507646,25066.635419097867,24888.362316688155,24865.396257442826,24812.435799975105,24768.963094278497,24662.25704398685,24611.05588266195,24525.29985972752,2020-04-30
18228.167683280564,18184.177092962113,18219.53095089981,18227.562832955362,18200.541523629614,18229.189390464944,18203.51765095602,18178.274272633385,18165.743235416994,2020-05-01
13376.828902726995,13336.374410762002,13158.841694825853,13184.691283967006,13195.17235909353,13104.349646978164,13177.36928134708,13136.926764925363,13105.920217395356,2020-05-02
6788.852927564103,6797.202963720365,6785.191202012191,6763.6060390329785,6810.95548500812,6806.352052078213,6860.807473360895,6835.856824990708,6840.179999458402,2020-05-03
12739.640934514633,12828.490645108894,12780.513861551419,12674.254259993428,12590.171875141996,12719.553153959761,12679.288137588574,12650.387825183041,12625.9916191806,2020-05-04
20604.50953656217,20436.739472272544,20501.81240621928,20364.800609276488,20440.957081569057,20364.687980721355,20332.371192615516,20339.040058437848,20329.112087040663,2020-05-05
24137.808281385456,23817.168609856133,23822.820985676826,23774.59476562758,23840.757500264153,23851.565801634184,23832.25313886741,23777.27657088602,23857.14049561181,2020-05-06
11204.759754423825,11209.432841042479,11201.169074450923,11311.978257751956,11246.813544225399,11248.234645393615,11234.907140852516,11296.302716262198,11333.531684748867,2020-05-07
12698.760196377578,12559.147234799431,12479.16089978859,12452.418697820414,12463.5859530885,12455.378071080104,12404.100072466845,12475.157943535509,12403.445575549007,2020-05-08
12913.25848962338,12742.444275618736,12878.62683740301,12824.066494182964,12859.407690338225,12786.244377556739,12808.373741146728,12800.813037629616,12778.275742554546,2020-05-09
13639.49608562876,13620.400500758882,13600.983517851211,13474.098858042124,13385.089407158815,13472.278375846636,13350.926571473725,13459.483536919432,13405.997744532318,2020-05-10
16827.88327168002,16731.50262096021,16588.40221511041,16580.328139121495,16703.661956572836,16676.49369696059,16680.257053908084,16695.803957521734,16678.393158981395,2020-05-11
21199.03539079625,20975.442984968424,20961.21295730783,20975.938030409012,20660.057059187493,20826.301307321653,20782.02479257214,20760.486330537275,20740.302729634623,2020-05-12
7198.506630826398,7288.280455131475,7234.525555865198,7240.422515974117,7300.103511734446,7287.637431774705,7332.840279429386,7377.234532942334,7418.373670364011,2020-05-13
11619.153166248472,11714.806073174992,11634.613924752379,11630.35667571118,11630.638188041039,11565.0251028122,11615.549311871964,11594.88970271138,11524.663132754193,2020-05-14
15432.637693554729,15264.166553030092,15281.838158217126,15105.313273203723,15072.780811832521,15072.802846656117,15142.57225317899,15110.240185705055,15076.623153290668,2020-05-15
11931.822447283208,11900.529989159315,11824.870926801063,11865.070778230001,11870.872715771115,11880.790689760486,11879.00054550107,11935.144307934981,11899.580997876586,2020-05-16
10497.83994853521,10495.101325256906,10620.457673244513,10398.158713396691,10474.300049761301,10521.088061494784,10462.610741081062,10464.513827731293,10469.38776235733,2020-05-17
19782.575574968814,19711.933563878603,19698.428706732153,19641.719671964114,19541.038988188462,19473.163757550996,19496.427033769924,19403.36041467538,19357.95391292974,2020-05-18
19286.477994431283,19143.838825190265,19187.153022503007,18907.5975720558,18922.230994451307,18888.085387999115,18831.003389667345,18766.29552782645,18816.67833915164,2020-05-19
17693.625141375207,17390.008837472174,17436.659534905026,17313.846408716392,17246.02594141224,17300.685268376823,17273.911233252573,17233.868993069005,17165.07275122951,2020-05-20
19817.372441375304,19670.645535720127,19740.522564503313,19598.645256954256,19474.379156214498,19488.885039785233,19393.74995616198,19374.04624982013,19309.71694118473,2020-05-21
5701.484432276682,5721.044892396136,5788.043768185477,5803.5516290895675,5836.882027557504,5885.858880996741,5943.127694829525,5991.7359704586825,6051.311102371374,2020-05-22
10879.096393589645,10858.08454502449,10853.210475132744,10851.028219269172,10883.046695086623,10821.89383446995,10774.759363551662,10851.232582484565,10934.268654001711,2020-05-23
34253.49165864561,34110.17361963958,33944.67152881652,33927.46670506168,33976.75980472508,33979.86662561568,33843.9203109997,33946.94553293079,33895.849533460445,2020-05-24
33957.493005911274,33656.372393224476,33642.69269385281,33464.83688182713,33418.117811114134,33262.278256089085,33066.425184478474,32995.37543059627,32911.09990262871,2020-05-25
4233.880561706754,4284.921887023647,4320.3098392222255,4358.28664429761,4390.642654322481,4542.742997076704,4545.19390361554,4622.739332942865,4665.2922010305065,2020-05-26
4006.716348937367,4049.617555001086,4156.558915743832,4130.721965088386,4189.3438982434645,4304.497429487891,4368.267810938278,4436.3790441979045,4500.014081080785,2020-05-27
4075.519728030077,4205.716671949259,4250.52505844397,4165.837509299659,4281.600569576082,4378.762159918821,4449.517910056584,4546.137887383857,4532.51658741989,2020-05-28
15057.58663213219,15037.023709097377,15040.57222063306,15078.630255031441,15035.51959002118,15078.194867230548,15046.989215100857,15048.483317016155,15143.444134578735,2020-05-29
11634.81238697437,11653.067833034127,11596.771455025097,11620.923304445942,11609.419721511078,11583.1810591636,11594.127060223978,11621.185672354735,11627.55355235952,2020-05-30
5328.891593777132,5352.222815216388,5381.505242354887,5386.813885256465,5388.642283026595,5535.191170666855,5562.199893078328,5644.596785179674,5688.688805353425,2020-05-31
5522.573939791836,5469.388993058678,5505.344791656734,5534.130051819734,5568.040317680922,5695.848572155855,5715.1050868152115,5826.032004523161,5879.201537794825,2020-06-01
4652.097442241538,4650.133064089997,4766.578769477045,4687.762200263148,4777.396883259945,4942.033275741506,4951.133445332451,5048.43538803495,4999.2925094565535,2020-06-02
4350.529903439492,4258.184483289105,4349.160968975191,4336.572716304915,4441.109779526266,4572.072054559026,4705.807969338169,4700.535117199509,4767.439640752312,2020-06-03
4455.252290009033,4448.266862892217,4491.55467955607,4469.6192959983755,4587.276707506389,4757.566308338333,4871.254414721549,4870.450890896472,4914.74379847698,2020-06-04
5222.199113806273,5231.581391315702,5287.174277588648,5294.872719022409,5346.374805934963,5404.714012264537,5538.712981090314,5525.1189287869975,5599.953146668095,2020-06-05
4092.2516770735356,4042.5611847198866,4082.538378676182,4158.989199802367,4229.534451339845,4259.4905750646485,4430.726112789705,4543.991416333185,4523.501380184459,2020-06-06
4357.056773116129,4344.72237013448,4356.162773902988,4304.329377992574,4393.4460892788675,4525.333914469723,4634.232093893782,4675.8514111498025,4678.25037912777,2020-06-07
13776.187748115117,13677.569705612468,13613.136492917136,13585.171646531991,13637.28654597135,13722.493738175943,13624.298729936056,13730.13046574988,13692.29394672224,2020-06-08
26497.825598815834,26476.848399479528,26326.091583798225,26351.51649289397,26277.06431621939,26168.882441258993,26071.17196095033,26063.28853281892,26022.52716009278,2020-06-09
37661.75094326331,37537.73735396934,37365.44687007051,37305.62905268847,37233.09134652899,37067.341104969484,37124.286737843664,36895.52877925983,37068.53387683798,2020-06-10
18973.14925525786,18816.825571654488,18860.066787668642,18843.863032382185,18687.96792684388,18879.354908126723,18829.7769229488,18910.309925763806,18983.229509471934,2020-06-11
18514.556488144477,18409.50305441266,18411.381953579144,18304.851354000242,18183.853924958556,18406.84734611284,18376.93483599333,18350.715261738842,18373.41899381248,2020-06-12
10249.030057389462,10114.22979291862,10135.364630009872,10198.910589076162,10204.461351185586,10231.224856765793,10216.8994574815,10285.747805377681,10274.568749576416,2020-06-13
15319.35431465154,15071.592701416857,15101.900402022273,15124.26025922951,15132.954052824227,15134.631073717263,15065.507526936792,15112.678509813582,15179.519990156623,2020-06-14
9530.106311174433,9413.774999864781,9476.376267746205,9384.072657820367,9484.126344903354,9457.40918298783,9466.603504968665,9522.060346884406,9479.818207882632,2020-06-15
12621.774425079826,12370.243719727323,12489.007717872302,12485.080909691813,12531.530568168166,12624.060382757538,12620.924927529068,12663.460076538002,12685.67084064364,2020-06-16
4003.4117144170145,4006.759011077297,4026.109850501906,4068.4686588285294,4115.788150556794,4257.0409479748405,4349.819443668057,4396.620957503301,4443.514908894223,2020-06-17
4093.618680962084,4103.4518270872395,4103.431800945263,4172.85826355488,4195.872725377206,4348.960572031899,4356.636936931376,4478.3542310750945,4497.978810148313,2020-06-18
4186.448663904782,4193.246763206061,4157.256605108101,4267.5102596033585,4302.767915418126,4429.7692870439805,4456.6401140687785,4593.375664075422,4654.093514836182,2020-06-19
5210.92984995574,5239.48477077565,5171.749499359324,5196.086448939178,5366.151799125147,5496.802310478029,5497.663372479319,5625.764791848672,5651.935619747876,2020-06-20
8967.649705603602,8754.674195956546,8809.539450103735,8884.320361183334,8880.215636476943,8980.246154257175,8995.72900145766,9081.131502483608,9078.352844284977,2020-06-21
8573.28287224473,8433.187175597364,8422.179566074821,8455.441745430739,8491.49527251781,8657.930693756463,8566.340329125454,8621.54157382249,8700.935633777583,2020-06-22
6228.492238260288,6022.021068409726,6074.793464471929,6059.843048726493,6163.376754877378,6257.446773032275,6269.480051734062,6387.876577033588,6392.985384052759,2020-06-23
8566.663745398862,8503.36486436842,8430.089996518585,8473.619003392596,8526.269907078777,8644.503104379506,8584.739331533676,8750.793895292767,8737.353460281098,2020-06-24
5050.675127548148,5032.980113845489,5012.4426131437995,5145.367430428102,5214.7280104412375,5313.539956660986,5410.682726816662,5470.168740091218,5523.4592713322045,2020-06-25
11246.78154805027,11015.39427923456,11086.56793236063,11102.455577798482,11104.80126797757,11173.55721013567,11229.481145282669,11250.202540108274,11200.041642282455,2020-06-26
14766.97858852847,14917.37701250769,14908.052913110043,14990.429399457393,14933.433189269675,14978.477559767882,14972.32583435427,14941.979325619144,14867.240777180745,2020-06-27
14396.677246320969,14349.377136472487,14239.654518109499,14272.509816356147,14211.916560278847,14247.962735321693,14206.30977970225,14181.651298485187,14271.633950486288,2020-06-28
14349.806469824514,14386.206930923241,14393.243652772046,14473.08583339509,14424.872732350308,14395.620369776367,14450.000621660254,14464.405509492231,14432.190093012596,2020-06-29
29233.629379623442,29223.76034252919,29301.42528491072,29384.949210348565,29321.394321788248,29267.39458659265,29209.206787921365,29136.117840671846,29171.255673836356,2020-06-30
17213.604984605074,16762.677481654297,16829.877458293442,16874.26844378073,16780.456015323824,16797.340775096694,16738.02382468635,16769.89368942983,16836.318417661994,2020-07-01
12422.520642540707,12297.260437830695,12280.380529909138,12335.789877408994,12330.888083114198,12432.022853270677,12395.286605193827,12433.01760762426,12472.869923712864,2020-07-02
7704.665428675254,7565.918039668818,7529.88997291103,7593.51865986286,7673.044758211596,7732.439395243971,7754.9038902818575,7811.151812346683,7866.553790428071,2020-07-03
6684.029759857457,6568.889821299652,6559.403629595424,6619.196786071734,6625.724304971307,6836.7602569212595,6761.71589687707,6973.701610341325,6986.518975962718,2020-07-04
14414.154714126624,14388.591735641076,14322.957523830595,14472.491506553759,14390.08650142973,14436.1782853354,14416.403161333941,14554.286601297106,14645.617565067832,2020-07-05
13191.35357332659,13197.486648979791,13239.412370955384,13178.047798195696,13216.669797631463,13146.29882278132,13110.935282958462,13150.258686132089,13077.898963904203,2020-07-06
12359.420476209638,12272.356719741943,12279.818243699194,12349.49641547146,12329.698239628005,12361.7042695084,12343.373933253122,12319.06305932171,12387.945709086995,2020-07-07
7729.257390589689,7403.503878464299,7371.52620559207,7469.996311791251,7573.359095352737,7599.667965385338,7721.017827635415,7717.288641197061,7796.833054821383,2020-07-08
6125.014301459034,5818.504743235994,5834.667410545642,5764.800544442796,5840.435307563266,5920.5440185197585,5905.869292022607,6042.3870644673525,6067.464925150981,2020-07-09
12469.59899401767,12271.931816316834,12291.161600892725,12308.462845225122,12330.041153177137,12333.369690026626,12394.272079822102,12400.351865866653,12474.63163493243,2020-07-10
8326.983014206928,8233.376953846684,8193.155856023248,8276.092325146217,8290.814354189399,8276.80543699551,8336.098543237988,8339.803058695736,8369.972602200658,2020-07-11
8761.85164297234,8642.550496300088,8605.142800506208,8587.20620975104,8668.50841038447,8681.930837078527,8754.002477710541,8783.690182367636,8775.589504398664,2020-07-12
8841.936153480352,8608.862751914954,8589.425702672592,8634.402925735392,8695.808949812315,8896.044725449454,8866.890103624448,8969.624170035591,8980.570909136537,2020-07-13
4377.281373123768,4155.7314900599895,4169.533191026176,4195.597798615126,4234.831214256408,4361.477820329696,4403.426500088017,4486.38472065373,4466.521236240912,2020-07-14
4621.429754447768,4321.005117558293,4324.446242867534,4362.2076611007,4456.383647919151,4540.226663180726,4613.908892425546,4744.559615386921,4822.062320693096,2020-07-15
4676.270504163454,4413.07849389707,4450.622131202328,4564.715447758389,4627.700933825618,4769.580434122562,4753.433476116819,4890.901932997207,4965.554503319933,2020-07-16
5819.900261879816,5685.290562216361,5680.423292394653,5702.04133335344,5768.459092812837,5897.141053012395,6046.172365628998,6117.9470206163705,6196.614592071053,2020-07-17
9370.613630608213,9030.247582155876,8979.565248167855,9014.01390708602,9056.349079982176,9282.06718289461,9229.097017289598,9310.737885970066,9354.753329260517,2020-07-18
9214.528617032764,8949.845432733795,8914.021729353048,8883.942316455012,9005.085169907137,9026.44297961069,8986.556388156741,9041.408799618572,9002.088922154613,2020-07-19
16374.278627986914,16075.688298966395,16096.824777448246,16082.77341643818,16097.72735632842,15986.747400713331,15823.817344834926,15758.333988100656,15696.998600859324,2020-07-20
9490.598443440189,9420.141772352948,9429.995050732236,9415.992443866182,9448.202836750623,9443.129052451462,9452.482899529237,9495.685757755593,9477.941109611842,2020-07-21
9772.581837593967,9693.558386271618,9708.66340271407,9627.241676073862,9755.375520049949,9821.716457231329,9900.27907266937,9894.724165339021,9967.617736246786,2020-07-22
11725.584586131808,11497.87831925237,11448.38393293573,11407.421866280141,11433.931332255672,11411.229531385454,11408.027472178348,11454.8769174575,11442.712767633979,2020-07-23
11732.7355028255,11498.019225501519,11467.241481048357,11474.228625232603,11535.986875492285,11612.995580759032,11586.488752956884,11585.653922872745,11624.676692657302,2020-07-24
16925.2625911618,16686.745080488978,16679.988234371227,16611.21498275316,16629.655877448076,16557.173388263687,16613.163776455604,16607.984582434783,16638.27562895192,2020-07-25
26223.172367886997,26009.556497931568,25976.62886129729,25677.08135647799,25748.50593206369,25670.665177153922,25511.153146565244,25464.404821367123,25470.91013623491,2020-07-26
16374.662224365762,16292.524370840736,16228.544639212449,16115.375157684863,16086.808288296346,16061.330287364914,15991.146874749928,16021.928415412778,15953.58089436058,2020-07-27
13631.633655668747,13225.58717219804,13224.274930725433,13158.563123111073,13195.81128268088,13155.23782129319,13143.749578442326,13165.021643316266,13048.609786748506,2020-07-28
13075.115568546813,13038.266230378347,13072.639561689139,13008.087238694841,13017.632938161243,13008.355509857833,12994.800307811533,12974.194259573522,13019.01156321038,2020-07-29
9661.912461371423,9579.335655942645,9596.130572697877,9529.10331057949,9537.444450873678,9603.944859963582,9586.42941805665,9621.043146564709,9622.74137274577,2020-07-30
6859.990406303837,6892.823416339009,6825.707542474154,6830.870252724177,6870.805288065312,6914.572408151779,6934.385011612171,6960.445785252187,6961.449409708024,2020-07-31
10674.062289085694,10692.293399386786,10690.175043257464,10663.464997703728,10685.890078550403,10678.605814310538,10692.74764563565,10758.21674713276,10696.30677701037,2020-08-01
14974.725696846874,15047.34468866473,14942.470484341786,14875.867905678493,14967.717960662549,14859.6418047942,14945.209643719423,14968.719028954472,14951.625661152144,2020-08-02
9280.334388805426,9155.66051584814,9133.117423308298,9119.692670731074,9146.06642604316,9159.348478243597,9156.217457489909,9156.172823075176,9165.346563740404,2020-08-03
10734.577567173274,10709.050631369426,10697.23007437616,10684.128053442897,10721.90265304517,10689.50152667741,10672.879016283507,10654.57165807616,10701.490960579866,2020-08-04
5615.894409022044,5616.931975218393,5771.858022345374,5790.179060806615,5855.663925690148,5807.225954200892,5841.249750121134,5894.463451202568,5969.788782766872,2020-08-05
24289.172327889548,24167.430531220016,24122.33412322534,24082.953825494664,24149.032860196527,24076.582794379385,24061.697017371633,24109.42936287753,24070.336348136098,2020-08-06
8180.424738590161,8207.376614283156,8175.612929257125,8199.868285958766,8222.829917237812,8257.257627478839,8200.876033452623,8295.225541309837,8267.069407494922,2020-08-07
3895.669654425697,4080.101178250751,4152.966305294829,4161.567288775486,4112.473477356309,4287.657923243733,4279.389140867125,4329.314562445635,4398.215331087862,2020-08-08
5517.914589075789,5673.1703628467585,5640.943439742359,5648.140898414437,5702.237981442474,5744.2366502272025,5716.927657318322,5743.795764273222,5799.610792074578,2020-08-09
16182.19685764037,16213.643859565145,15988.28288893337,15919.488308555437,15906.978954226866,15904.222091926113,15913.28557778346,15876.254017290663,15852.23473923706,2020-08-10
5880.07829747154,5937.632813398742,6065.097814099904,6033.57474537668,6072.700122877039,6074.0678796989905,6140.434111267895,6228.031778545798,6253.875466886815,2020-08-11
7778.8799247617635,7752.621592782191,7900.586458650976,7856.268910729204,7891.790624570621,7931.205516279393,8071.67741319911,8092.5479474155445,8127.21639080123,2020-08-12
13178.241273293284,13213.308660130262,13159.384810341542,13133.14922616985,13156.933752212752,13198.71153767304,13248.452343467974,13147.342811974591,13250.424298100184,2020-08-13
7547.828770951099,7509.004429744011,7572.212597065582,7625.594578842022,7632.001002584,7629.797260871039,7686.485935700481,7708.255362534726,7683.3319659310855,2020-08-14
5041.31586773387,5051.387783211899,5063.951072924536,5151.520816331706,5109.324664642038,5151.508105038424,5222.326284813175,5257.839711260932,5251.63074770215,2020-08-15
7357.040191467185,7343.321794120325,7307.384461968315,7399.356371669629,7416.157699773962,7375.819090112886,7373.948493590925,7495.459970801258,7436.175538086051,2020-08-16
6090.976801508682,6056.201477174692,6102.753033274427,6093.695932785308,6088.993588559688,6118.3160450810765,6168.704730830107,6181.797992423116,6227.015265716759,2020-08-17
8935.903007273517,8945.286841722827,8913.0052176964,8875.713249801927,8910.966251250573,8958.088758667,8988.639751491803,8997.334305537748,8997.03154641974,2020-08-18
8710.886607347555,8745.413812963427,8697.024403469073,8710.758561112012,8735.679242683533,8652.757794383098,8750.52026615862,8757.061494877218,8771.289678204372,2020-08-19
3966.6758867145136,3922.7279868388405,4014.623150961083,4003.687313041032,3982.7223128355304,4012.2720060963793,4040.4371625275257,4090.35321196672,4150.942439633453,2020-08-20
4509.9793901076855,4497.612900963924,4547.149074574862,4544.850459886741,4603.951811462159,4584.435498831509,4646.171380386012,4667.636008781922,4748.920173263221,2020-08-21
5995.747294105092,6012.411773317966,5884.422159872499,5953.970038095964,5964.632064340805,5960.975210320704,5997.152957694104,6046.308485539599,6059.819885725242,2020-08-22
6771.8610634693705,6779.2811042226085,6774.700473821074,6750.537749767953,6801.512275052199,6867.136206794993,6875.236672165571,6868.459699856276,6884.092095581465,2020-08-23
4011.1226930707858,4045.9969169241913,4067.976567659305,4035.0381071997213,4075.6569392990395,4123.199053967567,4090.3042960656685,4224.092094439034,4221.282420812242,2020-08-24
12143.568776730584,12084.244342419232,12049.85331281377,12084.566980381918,12061.810095535886,12020.189350472883,12037.074224814978,12038.51694184996,12097.634633202304,2020-08-25
14792.198753484481,14812.713363486588,14818.021661100054,14741.68165365798,14831.888307383053,14789.46036880805,14796.659322340702,14862.40972114347,14869.209050212326,2020-08-26
4684.100734917918,4743.770261626647,4835.683950157164,4794.123707872146,4827.34997883017,4899.137201924793,4925.098437509447,4990.323933834981,5001.689368832071,2020-08-27
4546.202526246523,4627.86263566125,4632.797428635347,4582.444545527009,4665.592423658679,4664.771749244264,4644.95747275241,4669.000968123322,4693.617337043289,2020-08-28
3608.0822576385503,3656.834471542899,3687.333687901042,3689.5209207460134,3687.9313197320557,3720.5959128887794,3747.0419740189673,3771.58591721098,3814.132794738289,2020-08-29
3477.264702641783,3600.0778983028576,3579.5639600278123,3589.836002777073,3656.6792700857577,3669.640228502797,3691.00811633736,3791.2564618549754,3811.988344834365,2020-08-30
3483.555787597086,3594.2902569379694,3634.9140716175502,3624.06773643265,3681.7537557609903,3703.9021358895866,3770.572621907817,3817.1861184873874,3873.894251038194,2020-08-31
3905.87325606096,3965.833389888536,4046.039945944755,4039.07457668254,4020.6024742762424,4070.426438930813,4105.9748972556745,4194.266858064143,4231.153586475647,2020-09-01
7541.618008334674,7617.324031895083,7566.6158741124755,7621.204974556417,7634.472026976315,7603.253881603997,7599.152763379271,7622.441169523665,7681.382072179951,2020-09-02
5721.02929537561,5734.032491902567,5676.484989169375,5698.163614794571,5687.689377065687,5674.498246787896,5661.297006356885,5708.308797384357,5712.116239593882,2020-09-03
6177.96492546746,6182.125933003096,6065.980296817865,6164.934132233367,6123.003416079347,6157.192289222608,6180.261544729848,6231.130267641717,6237.823650558717,2020-09-04
13640.919475546645,13625.502898515304,13654.159477592373,13558.552618604897,13585.922064275279,13547.22903899589,13565.77751919688,13575.607508169629,13597.466771391408,2020-09-05
14004.795340960378,13872.017394923505,13834.923394160087,13787.981443831799,13760.366939856924,13821.539384942598,13795.619649237806,13761.44804348195,13772.653185011388,2020-09-06
12634.162753764394,12603.059419402212,12555.10613612459,12499.115550095477,12537.139072819042,12497.556552694134,12569.783213995865,12542.477851995354,12523.362870981537,2020-09-07
9767.967294040776,9768.803624060178,9767.12473803616,9746.625070345035,9743.07001157799,9683.92896468952,9699.018654231253,9740.824840722315,9775.53405937951,2020-09-08
7392.647493276921,7401.926932779807,7423.871303752026,7341.148365948537,7357.814167956951,7354.250366354164,7329.592021451708,7344.116790586937,7336.739117287214,2020-09-09
5482.061980348684,5592.63353074873,5552.091409414507,5603.563342166368,5588.973039947739,5586.088734281188,5634.163318536237,5691.13288810342,5714.3879569294295,2020-09-10
6282.652985347403,6270.570669027792,6269.837387931724,6297.572392309654,6258.408636652627,6219.040289703165,6290.268292566851,6294.34761290734,6281.199727090038,2020-09-11
12172.227490717429,12236.60089650588,12154.83149782042,12116.951023221209,12110.517453416103,12037.267741598198,12045.762823435176,12055.875448486791,12067.328113126676,2020-09-12
7828.913778767885,7826.7543150445035,7802.930526056675,7764.601646845357,7732.5317489652425,7779.229384718438,7762.025216526684,7735.5514567758655,7753.124520802767,2020-09-13
5187.504989221476,5335.183799029705,5276.84144429014,5279.751666596098,5313.637793968587,5321.303336725793,5364.520230913362,5369.7926792028065,5422.9739488472815,2020-09-14
9561.571599563964,9544.39599016788,9510.778786799743,9541.600650916615,9465.502289655169,9405.561896734716,9503.618968829087,9499.577287360476,9539.521224589089,2020-09-15
14034.350159961252,14056.851586065055,13852.882622628022,13987.035113224205,13828.669117618436,13939.970794220848,13841.884140693963,13902.583426069017,13932.26145176146,2020-09-16
30299.02274387635,30303.286983872084,30100.99318183472,30030.159623032843,29986.52709280064,29896.042471746536,29867.968460720498,29825.814470250196,29701.205550425395,2020-09-17
9016.035997620913,8986.401666897247,8945.443826102724,8916.997963762284,8944.786277926269,8897.824088467336,8903.342823369787,8939.1494516568,8991.11672925451,2020-09-18
4654.618304015292,4544.073266544581,4544.867919858234,4571.848512786674,4584.359185006014,4581.877942096219,4624.1773209945295,4670.2709338412515,4691.750711356367,2020-09-19
4116.423281185448,4092.0439716943465,4097.5450390939495,4106.714560118159,4117.056800241291,4120.557651071529,4143.1727309001235,4257.189810285457,4229.081790772218,2020-09-20
3929.9215038752377,3924.478869436028,3949.5219708374525,3959.265359909207,4012.834039063446,3996.2664749397254,3982.810936959141,4094.939609668403,4144.304871236619,2020-09-21
7038.7458501775955,7036.696949906437,7090.44581803264,7039.479092000706,6993.839942370824,7012.150329441161,7058.877475846369,7072.822229411565,7039.745405155523,2020-09-22
4792.598654235283,4742.0754116097205,4829.401194158088,4804.4297630556175,4834.764651270084,4885.362841729511,4869.3441522121075,4910.839717112452,4915.447023464886,2020-09-23
4253.321461297,4245.660347765498,4317.817982324633,4340.988495481596,4350.477089836554,4373.3532110513415,4391.7139038024225,4431.643648126394,4454.5066166796105,2020-09-24
10001.112819337684,9979.0083613873,9992.402112597094,9978.014281064368,10007.46655170911,9964.643050340605,9926.965392973452,9984.239111427869,9989.151537264052,2020-09-25
4787.38952269934,4727.082711759664,4832.663816858855,4845.425556235003,4865.204350503686,4928.788559216008,4935.219307776838,4952.9222686596795,5020.738985955205,2020-09-26
4370.139805108319,4390.545197413443,4449.872136557597,4477.464482755158,4523.72638068564,4507.143969620897,4578.516829586922,4603.414603565891,4674.12307426272,2020-09-27
4919.836778121452,4878.4617639120115,4926.681066765588,5062.210911312526,5014.277751802061,5071.283062085533,5072.245626729089,5105.726545901301,5095.443354734654,2020-09-28
9590.628857850863,9636.800589945418,9562.030539732705,9596.355876161546,9589.644783095935,9639.763959018183,9612.386441525634,9562.493837314923,9707.16712659303,2020-09-29
5758.992170758711,5793.120813900655,5745.834294123045,5942.813797198533,5934.595877020688,5903.964216173267,5922.755837622046,6030.995531661234,6019.308843749736,2020-09-30
6728.300241177334,6719.747340852295,6671.585287922685,6734.393523669915,6839.95040261576,6767.332866397549,6814.346030718093,6763.505125359736,6869.179647048746,2020-10-01
7215.75107389615,7140.233853193245,7193.541367055948,7187.060204757526,7197.289075791671,7164.576918571643,7241.601399663487,7298.432044847859,7277.319469020415,2020-10-02
9020.793944918438,9040.273806487878,8946.457405150219,8971.95771047988,9036.922328118613,8965.957192989903,8963.575238471492,8976.644166396458,9026.730447190046,2020-10-03
15855.840721530361,15806.401396324354,15791.309267777167,15655.946704759877,15624.307046700987,15611.014661039468,15558.06342268121,15568.813896843507,15479.181391106375,2020-10-04
16872.793298116245,16955.751714117734,16908.207526152102,17000.156756624692,16953.405549938085,16925.48574686382,16947.1250456953,16894.350092148437,16998.00421387908,2020-10-05
5148.776671101545,5083.537295663933,5204.425947414515,5244.570963179964,5192.728018781252,5221.128592002149,5237.257663701813,5321.907645300141,5340.470975352876,2020-10-06
19418.866683328564,19413.834402287666,19392.47028546011,19394.73955707036,19364.898883215494,19413.42753352551,19448.348889465015,19379.29327559449,19276.685479334596,2020-10-07
15978.578835791126,16005.422345927358,15928.339709213005,15961.559913463041,15919.464005948099,15904.124564275373,15913.24927663077,15884.417210952359,15899.519063599717,2020-10-08
21271.960742412477,21275.176055790293,21183.5910311788,21247.141657417415,21141.681619334173,21043.871919440393,21024.345501021486,20997.504625094014,20937.24623493276,2020-10-09
6820.362513886131,6788.3601745892975,6872.849146367756,6920.003263194902,6946.912171160856,6939.4803938790255,6905.917527643976,6955.522112862255,7034.194495624537,2020-10-10
9880.069683690652,9854.538568407917,9969.680411682968,9936.018364731119,9996.866011103177,9879.073344772942,9914.12880859646,9856.545417164645,9864.097902421958,2020-10-11
23801.737424166757,23789.41395650816,23664.067546114933,23612.054275671515,23594.1388575935,23648.798999806804,23604.286257893727,23512.345935526933,23567.61430447909,2020-10-12
16913.519841941885,16923.107288106246,16899.678784977867,16880.346543405736,16850.838795871012,16838.406522556583,16815.445953032995,16692.699895470283,16759.05900799846,2020-10-13
6184.518300201321,6183.974325404938,6286.028931496115,6292.286544025659,6302.660165118278,6272.544071309945,6269.946814679838,6344.617655127084,6344.203782940711,2020-10-14
6096.94060554839,6003.100465425887,6097.068377901613,6121.783350705552,6135.0112936859305,6207.40623198058,6137.01612374974,6196.708360735137,6214.1081823695695,2020-10-15
28849.549334736184,28736.379772389366,28691.602776725347,28716.468880183842,28579.140748720656,28529.881677281384,28388.499166484282,28297.036682028385,28244.48552435787,2020-10-16
39582.40572688084,39473.07399977472,39368.24118484835,39411.038650548704,39249.05482161329,39126.280049410896,39126.166957832174,38974.33590855602,38864.780694932866,2020-10-17
13392.403958112958,13378.435446071873,13335.330646049986,13283.639620944881,13274.166935479605,13335.389294487899,13331.925805444826,13308.953192431125,13275.578552038945,2020-10-18
17016.293025142546,17077.669366293583,16937.300155014385,16940.333460766382,16950.518498257166,16907.517956445692,16973.57440591668,16865.294114451357,16927.430763337743,2020-10-19
10634.683701580989,10641.090159605004,10600.041001307518,10619.305202581487,10592.418198904588,10606.339752498829,10566.221083491562,10560.744266669391,10555.956661379645,2020-10-20
7394.769762562208,7381.667854467445,7441.602802668384,7438.7083372626,7422.550749114039,7453.127015055606,7473.270191501247,7510.588637894508,7527.343166121668,2020-10-21
6466.504339016325,6450.290520551962,6502.020486085164,6518.014728088386,6531.408250088562,6511.068483784946,6528.878274365653,6535.279089520933,6553.327987067379,2020-10-22
5739.426901003688,5729.140331025265,5756.292002914742,5821.295696937375,5845.675966403697,5853.618081092828,5830.671614891953,5913.847456197854,5869.461689742404,2020-10-23
6030.222556523744,6084.117779613881,6070.46186233717,6132.338483773315,6139.759168546386,6153.948007542995,6144.197785646635,6145.123011284655,6221.036991961021,2020-10-24
5886.146437885002,5898.452441748804,5921.736990522963,5935.465958770853,5929.20621782625,5935.341536653844,5968.122432172134,5982.618079012953,6007.4685521418505,2020-10-25
16363.041110448044,16375.206571385761,16371.359735939375,16347.63045708267,16336.13069079531,16412.8957862352,16281.799816427098,16371.395485404966,16308.48848664973,2020-10-26
12194.983227046263,12242.613847408775,12224.437231119267,12191.807416269685,12235.794610811165,12166.682011022274,12193.621949062242,12161.509453515002,12154.393443417706,2020-10-27
11916.192574468212,11898.397911740185,11924.049210316049,11866.215278244952,11848.785976862277,11809.83762071302,11817.177272860119,11820.457068800917,11815.067110690536,2020-10-28
6775.031823146766,6765.105663235139,6757.413505428966,6778.579468236226,6746.899420957858,6731.494672458098,6789.515365871442,6800.976405731008,6840.256641235364,2020-10-29
5880.984558891396,5876.685824776607,5866.655220583709,5850.92777145798,5896.831581934553,5891.854066669058,5887.338829662731,5918.378904747778,5970.744239176709,2020-10-30
7508.4759478308315,7469.45617007042,7418.39150531651,7466.359471862691,7418.77427086601,7461.623391409195,7447.470795951405,7482.202974898387,7455.704545347982,2020-10-31
5964.137511575952,6001.822924244702,5987.065310616954,5987.739217050022,5998.833569601685,5995.202432910893,5994.7165974286245,6032.023957258486,6041.123570395871,2020-11-01
11024.48029129323,11022.604148611643,10959.123724736937,10864.18693125095,10903.372833438947,10828.085161926212,10813.639597658039,10787.742968382405,10786.036306101825,2020-11-02
13709.234782817028,13614.874268695352,13646.29690913628,13501.562458493008,13425.90890013688,13343.559380658626,13357.3967722495,13343.013793731856,13302.254866389796,2020-11-03
11735.87488673151,11752.175793064409,11673.74447920547,11649.49632029643,11646.508051569841,11600.380531995388,11539.192079880406,11543.898276138238,11588.386011685767,2020-11-04
12240.782733942135,12207.520478984166,12126.910137620924,12171.574540811427,12192.798647884749,12028.584431889558,12081.875024617178,12041.767609150023,12029.674988825831,2020-11-05
13579.474297564917,13525.480566387252,13538.591597124523,13441.962670632076,13169.633432729173,13175.734202663569,13171.66138537118,13094.287325900299,13034.73013324061,2020-11-06
7441.912203411215,7436.486078820616,7411.3015393180385,7438.300185346219,7448.869828554796,7432.731329965931,7449.637577759778,7436.772551245091,7451.598209925264,2020-11-07
7170.037276227783,7153.685898685324,7167.847057182317,7188.291412324959,7168.177617777202,7188.500279321553,7189.217578331676,7238.275277651921,7259.244407196481,2020-11-08
5010.9426276440045,4973.990122896926,5004.372322502741,5044.822805366074,5079.4042864305175,4990.82004726342,5033.83029197503,5119.929282283408,5098.320859881881,2020-11-09
5496.438728025436,5512.858351064916,5513.510822364979,5525.092116872079,5584.5333826946,5542.527164943198,5606.103079043501,5637.421674417231,5668.45941354346,2020-11-10
5504.723308279345,5450.3458036834545,5454.791728550657,5507.947143375533,5503.391665420139,5515.31751282003,5542.1663850032655,5563.781280464537,5563.5981978517075,2020-11-11
10004.124204132331,9895.003471735301,9955.186417507186,9922.762498108288,9893.710464969072,9865.224277499403,9883.602817160858,9866.601933898899,9881.78506233876,2020-11-12
5714.186380783159,5715.8102971843955,5702.312427416078,5739.971337762574,5759.304896257834,5763.361819571486,5788.629327909361,5830.021652573973,5844.814648211735,2020-11-13
18540.336264521327,18550.72133406174,18513.933364825392,18416.635287080393,18260.984556274092,18200.51852953842,18284.60770341663,18257.528105163132,18165.278128828006,2020-11-14
8495.701042122688,8465.806650450573,8404.55373267232,8405.239120204284,8421.49185515624,8437.526169232666,8435.815726323639,8387.690089076039,8445.675245507116,2020-11-15
15710.869981127837,15673.67450918672,15829.348652512757,15674.83724784671,15664.329123987043,15600.283666938516,15613.293106241521,15628.31408024053,15493.694828080716,2020-11-16
17876.16986876301,17708.125122884427,17818.85103744207,17594.915213178025,17589.48898753411,17538.825004974184,17501.654754437444,17422.170106906822,17337.891550405224,2020-11-17
5133.5141853994155,5186.485525716239,5173.255628447,5137.34740863911,5154.029618583457,5186.148244592548,5225.493875023275,5245.731414732227,5231.521027587108,2020-11-18
5317.732474637997,5404.080464501736,5399.856542774652,5376.848210938745,5387.742456172544,5378.266668577434,5377.750890870943,5408.047386654168,5382.75496989352,2020-11-19
5488.643193468816,5520.475964628094,5541.699831962151,5546.1147736649245,5542.148623710557,5510.151879523365,5524.125961883888,5545.192915250497,5595.642226096956,2020-11-20
5095.004865458933,5140.586395832374,5092.951228860479,5086.457658523804,5099.408208000828,5099.506218065939,5112.598718584989,5132.502803948503,5147.465003922234,2020-11-21
5972.366848579646,5904.835168961149,5980.068073369665,5985.770924234204,6021.512300860852,6000.652314910246,5998.596687435495,6043.685075048415,6058.894326110239,2020-11-22
5623.127392846628,5639.69864338494,5669.489292541143,5661.776107821074,5635.597481445663,5607.652153937719,5618.866679867229,5674.486348272794,5709.704514772963,2020-11-23
7222.077494047499,7258.838201742922,7256.132998791801,7323.292466935817,7281.452183547945,7306.202008821434,7309.257394844001,7372.5797348676915,7342.935499381928,2020-11-24
10659.68712570944,10648.900421741308,10718.152053851965,10768.343926903992,10760.755406810431,10681.358358638618,10707.940900400481,10744.272735184053,10805.368660927157,2020-11-25
9432.476978463581,9440.54498864702,9435.716765029636,9390.216793106109,9348.445670509449,9363.395124171731,9391.943397177705,9352.899492733219,9392.90283648129,2020-11-26
12607.220154683473,12566.438278017014,12473.789652601305,12342.747465020288,12400.449642480036,12420.112764263144,12368.882882666614,12304.603968203273,12365.710133060278,2020-11-27
12273.479897648078,12337.682953869584,12221.106645040078,12326.899403060088,12188.056299871416,12192.869823114375,12140.468504156073,12148.827549046186,12131.131862973734,2020-11-28
8753.31291022644,8907.342202649077,8847.174306565157,8726.764576654365,8698.336423537125,8747.042421180795,8704.223581404232,8741.437179113997,8695.328932135508,2020-11-29
18921.66136337387,18959.130565938773,18798.489912927478,18830.62142693076,18539.016802979346,18467.41578312232,18435.3923155775,18387.198225516582,18332.14440208888,2020-11-30
11247.703119287133,11249.800107542014,11331.191016895686,11265.614648247978,11158.551710598378,11204.580660899477,11198.241564785303,11179.77463147943,11160.681085813168,2020-12-01
8231.76350976303,8265.99842661317,8230.461336645578,8307.130229956214,8179.51993313508,8235.346113686752,8216.751196568004,8257.829242270931,8211.853173409241,2020-12-02
9312.089530626497,9311.74488106836,9244.802510966245,9306.636987561405,9225.991272725052,9287.64993526371,9235.573079667085,9239.140719663592,9278.276898388121,2020-12-03
6603.300584589175,6616.795383904789,6644.35717408858,6704.957183774277,6632.151821866339,6559.327656501665,6561.466169573303,6630.603368599985,6613.187915082494,2020-12-04
7100.186166670869,7149.392322011011,7186.9248707417555,7211.161617448843,7118.717711505863,7146.282363536534,7159.584079172209,7228.688214285515,7206.20434691422,2020-12-05
7263.46730043018,7305.965500444526,7331.165551326781,7385.082137899866,7272.932830171687,7228.947190848254,7222.846901389383,7295.454006738887,7358.578464323699,2020-12-06
7637.505913598499,7638.064057295686,7604.404744396447,7654.03336874093,7719.565949054334,7639.342951156903,7547.282338319014,7628.935669692335,7655.730298145195,2020-12-07
7968.029245637953,8013.6451929100685,8034.330789148837,8046.563651924664,7942.526039709109,7954.348915766391,7987.100255830922,8037.198267997793,8155.241738836774,2020-12-08
18241.202961418036,18350.804213868618,18259.076696187396,18329.172665574963,18276.545905848056,18309.05371116048,18266.136522315883,18223.136352294656,18238.43464115274,2020-12-09
7751.764336092594,7729.700398531001,7838.444957566036,7817.663236483422,7807.2876728387055,7744.151725186121,7785.128093213202,7883.436771064493,7819.916617061025,2020-12-10
6268.572309449659,6336.709149357897,6348.725224731838,6297.128852447272,6282.326270742729,6343.873514779113,6270.298969932826,6298.274550689193,6324.301760713688,2020-12-11
19261.000673011,19309.873577570706,19225.23500828646,19263.488733563452,19065.7346612296,19012.67686204094,19079.921042452836,19027.995941579946,19008.99541443541,2020-12-12
8417.443950319292,8412.598286173217,8424.375128704622,8460.859957912447,8401.88312872169,8435.18351259109,8383.005586966061,8313.526147300976,8356.241218525807,2020-12-13
6895.530167885533,6991.475947583343,6874.107861284553,7012.988902038595,7028.979787736597,6921.066899033778,6917.696803515273,6986.658115839467,6910.840469478213,2020-12-14
15008.816657688547,15005.732222649487,14791.812117278303,14824.988288698267,14622.398429920258,14684.19407289922,14600.632977458237,14454.182459143369,14414.099756227992,2020-12-15
6887.5917007688095,6974.595824201782,6998.997315397431,6906.638619805459,6804.828668354127,6943.411897667077,6852.83878854118,6886.706762138392,6929.138838621554,2020-12-16
7543.753908738525,7608.785240442487,7471.832897691088,7509.96180121208,7493.986494234125,7447.844130015764,7462.8383015542795,7541.9646139438355,7537.37195114122,2020-12-17
9429.777770080138,9447.945616357032,9324.235459213143,9416.976165899268,9231.129497768945,9261.623771876171,9353.790671443563,9306.302255275676,9318.531994020372,2020-12-18
54551.62329052535,54567.561067131566,54165.011964175625,54175.68187484696,54139.41989552567,54246.998286841444,54029.211361749054,53997.545514075144,53985.627263794144,2020-12-19
8957.081368952986,8982.591473148355,8880.739109110966,8865.709326999258,8867.18467656219,8820.468529331518,8742.933803172244,8887.45554774995,8822.678289701993,2020-12-20
18033.00414002144,18219.03529229276,17971.132450771587,17821.26932915978,17840.884826368205,17849.658454903572,17737.694381424884,17760.58422267024,17711.554351367904,2020-12-21
8213.216803326015,8175.393181185808,8187.6775898309725,8101.004610062946,8006.945256656586,8115.836864576212,8125.402760494037,8092.746010484242,8145.943188131807,2020-12-22
7504.926274393381,7631.814693253045,7575.050253347646,7530.7609547354305,7539.023785523713,7530.0527733791305,7517.7076220500085,7480.39322828757,7560.359475457111,2020-12-23
10083.263107046063,10039.938735291842,10049.934828850368,9889.311147681914,9965.762513546026,9966.790513803271,9940.053892328722,9969.243864325663,9952.005599760621,2020-12-24
18206.167188161686,18158.808455843693,17846.08500439721,17766.529081995544,17753.845336632014,17725.78560668424,17753.247146133617,17697.45688860397,17684.524515005705,2020-12-25
6803.650014789304,6782.65128343679,6908.493048708336,6871.795559636035,6807.205245992593,6799.25531217283,6838.014296462522,6790.995772298587,6882.869812142801,2020-12-26
7961.318660539611,7876.083131872751,8045.761140708078,7906.889387346716,7913.751416932632,7999.091233330939,7950.078496027157,8011.999797248583,8016.919719883791,2020-12-27
7204.674852153528,7270.273187087502,7251.281055346683,7185.502685392408,7166.251096726313,7236.2743469279685,7194.97523450469,7240.6864952024625,7323.580570183943,2020-12-28
20291.367758772594,20258.177586069716,20024.01920714511,19746.86318928847,19784.478603646723,19693.291629652267,19664.608876784165,19661.325525874305,19509.713648026467,2020-12-29
17909.384157575583,17882.636990014627,17747.69770578815,17656.344034066406,17623.71786786894,17578.831015484197,17489.53601931547,17458.646117702032,17447.58137444045,2020-12-30
